,,,,,,,,,,,,,,,,,,,,,,,,,,,,,,,,,,,,,,,,,,,"bonusParameters [][]   ( initital, increment for each stat)",,,,,,,,,,,,,,,,,,,,,,,,,,,,,,,,,,,,,,,,,,,,,,,,,,,,,,,,,,,,,,,,,,,,,,,,,,,,,,,,,,,,,,,,,,,,,,,,
,,,"minCosts [] (size, grass?, wood ?, food?, ore?, mystic?)",,,,,,,"maxCosts [] (size, grass?, wood ?, food?, ore?, mystic?)",,,,,,,prices [],,,,,,chips [],,,,,,,,,,,,,,,,recoveryRates (%),,,,,,HP,,,MP,,,Vigor,,,Atk,,,Def,,,Spd,,,Luck,,,Owned,,,Int,,,Dex,,,Gather,,,Move,,,Heart,,,,,,,,,,,,,,,minLvupCosts [],,,,,,,maxLvupCosts [],,,,,,,,,,,,,,,,,,,,,,,,,,,,,,,,,,,,
id,type,exp,,,,,,,,,,,,,,,,,,dataId,combinatoin,parentChipId,,,,,wall,constructionTime,minHp,maxHp,initNum,validRange,usePriority,motion,offsetX,offsetY,offsetZ,recoveryIntervalFrame,,HP,MP,Vigor,,,,,,,,,,,,,,,,,,,,,,,,,,,,,,,,,,,,,,,,,aroundEffectCategory1,aroundEffectType1,aroundEffectMinValue1,aroundEffectMaxValue1,aroundEffectCategory2,aroundEffectType2,aroundEffectMinValue2,aroundEffectMaxValue2,aroundEffectCategory3,aroundEffectType3,aroundEffectMinValue3,aroundEffectMaxValue3,levelupItemGroupId,,,,,,,,,,,,,,,minLvupTimeSeconds,maxLvupTimeSeconds,minProductCapacity,maxProductCapacity,minProductTimeSeconds,maxProductTimeSeconds,workCostType,minWorkCost,maxWorkCost,minWorkEffect,maxWorkEffect,minWorkTimeSeconds,maxWorkTimeSeconds,capacity,maxQueue,minUseCountLimit,maxUseCountLimit,useCountLimitUnlockItemId,useCountLimitUnlockItemNum,craftTermStudioLevel,craftTermIntelligence,craftTimeSeconds,attackPriority,maxUseCountOneDay,craftGroup,explain,hintEvent,evolutionChipId,vehicleId,flag
0,24,10,6,0,0,0,0,0,0,6,0,0,0,0,0,0,2,1,1,-1,0,-1,0,,,,-1,0,100,1000,0,0,0,0,0,0,0,1,3,0,0,0,13,2,0,0,2,0,0,2,0,0,2,0,0,2,0,0,2,0,0,2,0,0,2,0,0,2,0,0,2,0,0,2,0,0,2,0,0,2,0,0,-1,-1,0,0,-1,-1,0,0,-1,-1,0,0,-1,6,0,0,0,0,0,0,6,0,0,0,0,0,0,120,129600,0,0,0,0,-1,0,0,0,0,0,0,1,0,0,0,-1,0,0,0,0,0,1,-1,未使用,-1,-1,-1,36700320
1,64,10,6,0,0,0,0,0,0,6,0,0,0,0,0,0,2,1,1,-1,0,-1,0,,,,-1,0,0,0,0,0,0,0,0,0,0,1,3,0,0,0,13,2,0,0,2,0,0,2,0,0,2,0,0,2,0,0,2,0,0,2,0,0,2,0,0,2,0,0,2,0,0,2,0,0,2,0,0,2,0,0,-1,-1,0,0,-1,-1,0,0,-1,-1,0,0,-1,6,0,0,0,0,0,0,6,0,0,0,0,0,0,120,129600,0,0,0,0,-1,0,0,0,0,0,0,1,0,0,0,-1,0,0,0,0,0,1,-1,未使用,-1,-1,-1,3145888
2,15,10,6,0,0,0,0,0,0,6,0,0,0,0,0,0,2,1,1,-1,0,-1,0,,,,-1,120,0,0,0,0,0,0,0,0,0,1,3,0,0,0,13,2,0,0,2,0,0,2,0,0,2,0,0,2,0,0,2,0,0,2,0,0,2,0,0,2,0,0,2,0,0,2,0,0,2,0,0,2,0,0,-1,-1,0,0,-1,-1,0,0,-1,-1,0,0,-1,6,0,0,0,0,0,0,6,0,0,0,0,0,0,120,129600,0,0,0,0,-1,0,0,0,0,0,0,1,0,0,0,-1,0,0,0,0,0,1,-1,未使用,-1,-1,-1,3145760
3,19,10,6,0,0,0,0,0,0,6,0,0,0,0,0,0,2,1,1,-1,0,-1,0,,,,-1,240,0,0,0,0,0,0,0,0,0,1,3,0,0,0,13,2,0,0,2,0,0,2,0,0,2,0,0,2,0,0,2,0,0,2,0,0,2,0,0,2,0,0,2,0,0,2,0,0,2,0,0,2,0,0,-1,-1,0,0,-1,-1,0,0,-1,-1,0,0,-1,6,0,0,0,0,0,0,6,0,0,0,0,0,0,120,129600,0,0,0,0,-1,0,0,0,0,0,0,1,0,0,0,-1,0,0,0,0,0,1,-1,Boosts movement speed.,-1,-1,-1,36700192
4,19,10,6,0,0,0,0,0,0,6,0,0,0,0,0,0,2,1,1,-1,0,-1,0,,,,-1,480,0,0,0,0,0,0,0,0,0,1,3,0,0,0,13,2,0,0,2,0,0,2,0,0,2,0,0,2,0,0,2,0,0,2,0,0,2,0,0,2,0,0,2,0,0,2,0,0,2,0,0,2,0,0,-1,-1,0,0,-1,-1,0,0,-1,-1,0,0,-1,6,0,0,0,0,0,0,6,0,0,0,0,0,0,120,129600,0,0,0,0,-1,0,0,0,0,0,0,1,0,0,0,-1,0,0,0,0,0,1,-1,Boosts movement speed.,-1,-1,-1,36700192
5,6,10,6,0,0,0,0,0,0,6,0,0,0,0,0,0,2,1,1,-1,0,-1,0,,,,23,2400,0,0,0,0,0,0,0,0,0,1,3,0,0,0,13,2,0,0,2,0,0,2,0,0,2,0,0,2,0,0,2,0,0,2,0,0,2,0,0,2,0,0,2,0,0,2,0,0,2,0,0,2,0,0,-1,-1,0,0,-1,-1,0,0,-1,-1,0,0,-1,6,0,0,0,0,0,0,6,0,0,0,0,0,0,120,129600,0,0,0,0,-1,0,0,0,0,0,0,1,0,0,0,-1,0,0,0,0,0,1,-1,Builds bridges.,-1,-1,-1,36700192
6,6,10,6,0,0,0,0,0,0,6,0,0,0,0,0,0,2,1,1,-1,0,-1,0,,,,23,2400,0,0,0,0,0,0,0,0,0,1,3,0,0,0,13,2,0,0,2,0,0,2,0,0,2,0,0,2,0,0,2,0,0,2,0,0,2,0,0,2,0,0,2,0,0,2,0,0,2,0,0,2,0,0,-1,-1,0,0,-1,-1,0,0,-1,-1,0,0,-1,6,0,0,0,0,0,0,6,0,0,0,0,0,0,120,129600,0,0,0,0,-1,0,0,0,0,0,0,1,0,0,0,-1,0,0,0,0,0,1,-1,Builds bridges.,-1,-1,-1,36700192
7,33,10,6,0,0,0,0,0,0,6,0,0,0,0,0,0,2,1,1,-1,2,67,3,70,68,69,-1,1200,0,0,0,0,0,0,0,0,0,1,3,0,0,0,13,2,0,0,2,0,0,2,0,0,2,0,0,2,0,0,2,0,0,2,0,0,2,0,0,2,0,0,2,0,0,2,0,0,2,0,0,2,0,0,-1,-1,0,0,-1,-1,0,0,-1,-1,0,0,2,6,0,5,10,5,2,1,6,0,15,50,100,150,300,120,129600,0,0,0,0,3,8,20,0,0,120,1200,1,0,0,0,-1,0,0,0,0,0,1,-1,Guides visitors to town.,-1,-1,-1,36700240
8,33,10,6,0,0,0,0,0,0,6,0,0,0,0,0,0,2,1,1,-1,0,-1,0,,,,-1,1200,0,0,0,0,0,0,0,0,0,1,3,0,0,0,13,2,0,0,2,0,0,2,0,0,2,0,0,2,0,0,2,0,0,2,0,0,2,0,0,2,0,0,2,0,0,2,0,0,2,0,0,2,0,0,-1,-1,0,0,-1,-1,0,0,-1,-1,0,0,-1,6,0,0,0,0,0,0,6,0,0,0,0,0,0,120,129600,0,0,0,0,-1,0,0,0,0,0,0,1,0,0,0,-1,0,0,0,0,0,1,-1,Guides visitors to town.,-1,-1,-1,36700160
9,33,10,6,0,0,0,0,0,0,6,0,0,0,0,0,0,2,1,1,-1,0,-1,0,,,,-1,1200,0,0,0,0,0,0,0,0,0,1,3,0,0,0,13,2,0,0,2,0,0,2,0,0,2,0,0,2,0,0,2,0,0,2,0,0,2,0,0,2,0,0,2,0,0,2,0,0,2,0,0,2,0,0,-1,-1,0,0,-1,-1,0,0,-1,-1,0,0,-1,6,0,0,0,0,0,0,6,0,0,0,0,0,0,120,129600,0,0,0,0,-1,0,0,0,0,0,0,1,0,0,0,-1,0,0,0,0,0,1,-1,Guides visitors to town.,-1,-1,-1,36700160
10,33,10,6,0,0,0,0,0,0,6,0,0,0,0,0,0,2,1,1,-1,0,-1,0,,,,-1,1200,0,0,0,0,0,0,0,0,0,1,3,0,0,0,13,2,0,0,2,0,0,2,0,0,2,0,0,2,0,0,2,0,0,2,0,0,2,0,0,2,0,0,2,0,0,2,0,0,2,0,0,2,0,0,-1,-1,0,0,-1,-1,0,0,-1,-1,0,0,-1,6,0,0,0,0,0,0,6,0,0,0,0,0,0,120,129600,0,0,0,0,-1,0,0,0,0,0,0,1,0,0,0,-1,0,0,0,0,0,1,-1,Guides visitors to town.,-1,-1,-1,36700160
11,1,10,6,0,0,0,0,0,0,6,0,0,0,0,0,0,2,1,1,-1,0,-1,0,,,,-1,0,0,0,0,0,0,0,0,0,0,1,3,0,0,0,13,2,0,0,2,0,0,2,0,0,2,0,0,2,0,0,2,0,0,2,0,0,2,0,0,2,0,0,2,0,0,2,0,0,2,0,0,2,0,0,-1,-1,0,0,-1,-1,0,0,-1,-1,0,0,-1,6,0,0,0,0,0,0,6,0,0,0,0,0,0,120,129600,0,0,0,0,-1,0,0,0,0,0,0,1,0,0,0,-1,0,0,0,0,0,1,-1,A small plot of land.,350,-1,-1,3146272
12,1,10,6,0,0,0,0,0,0,6,0,0,0,0,0,0,2,1,1,-1,0,-1,0,,,,-1,0,0,0,0,0,0,0,0,0,0,1,3,0,0,0,13,2,0,0,2,0,0,2,0,0,2,0,0,2,0,0,2,0,0,2,0,0,2,0,0,2,0,0,2,0,0,2,0,0,2,0,0,2,0,0,-1,-1,0,0,-1,-1,0,0,-1,-1,0,0,-1,6,0,0,0,0,0,0,6,0,0,0,0,0,0,120,129600,0,0,0,0,-1,0,0,0,0,0,0,1,0,0,0,-1,0,0,0,0,0,1,-1,A regular plot of land.,-1,-1,-1,3146784
13,1,10,6,0,0,0,0,0,0,6,0,0,0,0,0,0,2,1,1,-1,0,-1,0,,,,-1,0,0,0,0,0,0,0,0,0,0,1,3,0,0,0,13,2,0,0,2,0,0,2,0,0,2,0,0,2,0,0,2,0,0,2,0,0,2,0,0,2,0,0,2,0,0,2,0,0,2,0,0,2,0,0,-1,-1,0,0,-1,-1,0,0,-1,-1,0,0,-1,6,0,0,0,0,0,0,6,0,0,0,0,0,0,120,129600,0,0,0,0,-1,0,0,0,0,0,0,1,0,0,0,-1,0,0,0,0,0,1,-1,A large plot of land.,-1,-1,-1,3147808
14,1,10,6,0,0,0,0,0,0,6,0,0,0,0,0,0,2,1,1,-1,0,-1,0,,,,-1,0,0,0,0,0,0,0,0,0,0,1,3,0,0,0,13,2,0,0,2,0,0,2,0,0,2,0,0,2,0,0,2,0,0,2,0,0,2,0,0,2,0,0,2,0,0,2,0,0,2,0,0,2,0,0,-1,-1,0,0,-1,-1,0,0,-1,-1,0,0,-1,6,0,0,0,0,0,0,6,0,0,0,0,0,0,120,129600,0,0,0,0,-1,0,0,0,0,0,0,1,0,0,0,-1,0,0,0,0,0,1,-1,A very large plot of land.,-1,-1,-1,3149856
15,2,10,6,0,0,0,0,0,0,6,0,0,0,0,0,0,2,1,1,-1,0,-1,0,,,,34,480,0,0,0,0,0,0,0,0,0,1,3,0,0,0,13,2,0,0,2,0,0,2,0,0,2,0,0,2,0,0,2,0,0,2,0,0,2,0,0,2,0,0,2,0,0,2,0,0,2,0,0,2,0,0,-1,-1,0,0,-1,-1,0,0,-1,-1,0,0,-1,6,0,0,0,0,0,0,6,0,0,0,0,0,0,120,129600,0,0,0,0,-1,0,0,0,0,0,0,1,0,0,0,-1,0,0,0,0,0,1,-1,未使用,-1,-1,-1,3145761
16,20,10,6,0,0,0,0,0,0,6,0,0,0,0,0,0,2,1,1,-1,0,-1,0,,,,-1,0,0,0,0,0,0,0,0,0,0,1,3,0,0,0,13,2,0,0,2,0,0,2,0,0,2,0,0,2,0,0,2,0,0,2,0,0,2,0,0,2,0,0,2,0,0,2,0,0,2,0,0,2,0,0,-1,-1,0,0,-1,-1,0,0,-1,-1,0,0,-1,6,0,0,0,0,0,0,6,0,0,0,0,0,0,120,129600,0,0,0,0,-1,0,0,0,0,0,0,1,0,0,0,-1,0,0,0,0,0,1,-1,--,-1,-1,-1,3145760
17,35,10,6,0,0,0,0,0,0,6,0,0,0,0,0,0,2,1,1,-1,1,58,2,59,60,,-1,0,50,500,0,15,0,0,0,0,0,1,3,0,0,0,13,2,0,0,2,0,0,2,0,0,2,0,0,2,0,0,2,0,0,2,0,0,2,0,0,2,0,0,2,0,0,2,0,0,2,0,0,2,0,0,3,-1,5,25,-1,-1,0,0,-1,-1,0,0,0,6,0,1,1,0,0,0,6,0,150,300,100,50,15,120,129600,0,0,0,0,-1,0,0,0,0,0,0,1,0,0,0,-1,0,0,0,0,35,1,-1,The heart of the entire town.,351,-1,-1,33554434
18,42,10,6,0,0,0,0,0,0,6,0,0,0,0,0,0,2,1,1,-1,0,-1,0,,,,-1,0,0,0,0,0,0,0,0,0,0,1,3,0,0,0,13,2,0,0,2,0,0,2,0,0,2,0,0,2,0,0,2,0,0,2,0,0,2,0,0,2,0,0,2,0,0,2,0,0,2,0,0,2,0,0,-1,-1,0,0,-1,-1,0,0,-1,-1,0,0,-1,6,0,0,0,0,0,0,6,0,0,0,0,0,0,120,129600,0,0,0,0,-1,0,0,0,0,0,0,1,0,0,0,-1,0,0,0,0,0,1,-1,未使用,-1,-1,-1,36700192
19,40,10,6,0,0,0,0,0,0,6,0,0,0,0,0,0,2,1,1,-1,0,-1,0,,,,-1,0,0,0,0,0,0,0,0,0,0,1,3,0,0,0,13,2,0,0,2,0,0,2,0,0,2,0,0,2,0,0,2,0,0,2,0,0,2,0,0,2,0,0,2,0,0,2,0,0,2,0,0,2,0,0,-1,-1,0,0,-1,-1,0,0,-1,-1,0,0,-1,6,0,0,0,0,0,0,6,0,0,0,0,0,0,120,129600,0,0,0,0,-1,0,0,0,0,0,0,1,0,0,0,-1,0,0,0,0,0,1,-1,未使用,-1,-1,-1,36700192
20,36,10,6,0,0,0,0,0,0,6,0,0,0,0,0,0,2,1,1,-1,1,62,2,63,64,,-1,0,100,600,0,15,0,0,0,0,0,1,3,0,0,0,13,2,0,0,2,0,0,2,0,0,2,0,0,2,0,0,2,0,0,2,0,0,2,0,0,2,0,0,2,0,0,2,0,0,2,0,0,2,0,0,-1,-1,0,0,-1,-1,0,0,-1,-1,0,0,-1,6,0,0,0,0,0,0,6,0,0,0,0,0,0,120,129600,0,0,0,0,-1,0,0,0,0,0,0,1,0,0,0,-1,0,0,0,0,0,1,-1,未使用,352,-1,-1,36700192
21,43,10,6,0,0,0,0,0,0,6,0,0,0,0,0,0,2,1,1,-1,0,-1,0,,,,-1,0,0,0,0,0,0,0,0,0,0,1,3,0,0,0,13,2,0,0,2,0,0,2,0,0,2,0,0,2,0,0,2,0,0,2,0,0,2,0,0,2,0,0,2,0,0,2,0,0,2,0,0,2,0,0,-1,-1,0,0,-1,-1,0,0,-1,-1,0,0,-1,6,0,0,0,0,0,0,6,0,0,0,0,0,0,120,129600,0,0,0,0,-1,0,0,0,0,0,0,1,0,0,0,-1,0,0,0,0,0,1,-1,未使用,-1,-1,-1,36700192
22,40,10,6,0,0,0,0,0,0,6,0,0,0,0,0,0,2,1,1,-1,0,-1,0,,,,-1,0,0,0,0,0,0,0,0,0,0,1,3,0,0,0,13,2,0,0,2,0,0,2,0,0,2,0,0,2,0,0,2,0,0,2,0,0,2,0,0,2,0,0,2,0,0,2,0,0,2,0,0,2,0,0,-1,-1,0,0,-1,-1,0,0,-1,-1,0,0,-1,6,0,0,0,0,0,0,6,0,0,0,0,0,0,120,129600,0,0,0,0,-1,0,0,0,0,0,0,1,0,0,0,-1,0,0,0,0,0,1,-1,未使用,-1,-1,-1,36700192
23,21,10,6,0,1,0,0,0,0,6,0,10,0,0,0,0,2,1,1,-1,0,-1,0,,,,29,240,15,315,10,0,0,0,0,0,0,1,3,0,0,0,13,2,0,0,2,0,0,2,0,0,2,0,0,2,0,0,2,0,0,2,0,0,2,0,0,2,0,0,2,0,0,2,0,0,2,0,0,2,0,0,0,10,5,25,-1,-1,0,0,-1,-1,0,0,3,6,0,1,0,0,0,0,6,0,80,14,12,10,8,120,129600,0,0,0,0,-1,0,0,0,0,0,0,1,0,0,0,-1,0,0,0,0,30,1,-1,Slightly helps defend the town from attack.,-1,-1,-1,0
24,21,10,6,0,0,2,0,0,0,6,0,0,18,0,0,0,2,1,1,-1,0,-1,0,,,,27,960,40,430,0,0,0,0,0,0,0,1,3,0,0,0,13,2,0,0,2,0,0,2,0,0,2,0,0,2,0,0,2,0,0,2,0,0,2,0,0,2,0,0,2,0,0,2,0,0,2,0,0,2,0,0,0,12,5,25,-1,-1,0,0,-1,-1,0,0,3,6,0,0,2,0,0,0,6,0,15,80,12,10,8,120,129600,0,0,0,0,-1,0,0,0,0,0,0,1,0,0,0,-1,0,0,0,0,30,1,-1,Moderately helps defend the town from attack.,-1,-1,-1,0
25,21,10,6,0,0,2,0,2,0,6,0,0,18,0,14,0,2,1,1,-1,0,-1,0,,,,25,480,65,650,0,0,0,0,0,0,0,1,3,0,0,0,13,2,0,0,2,0,0,2,0,0,2,0,0,2,0,0,2,0,0,2,0,0,2,0,0,2,0,0,2,0,0,2,0,0,2,0,0,2,0,0,0,14,5,25,-1,-1,0,0,-1,-1,0,0,3,6,0,0,2,0,2,0,6,0,15,80,12,65,8,120,129600,0,0,0,0,-1,0,0,0,0,0,0,1,0,0,0,-1,0,0,0,0,30,1,-1,Decently helps defend the town from attack.,-1,-1,-1,0
26,21,10,6,0,0,0,0,3,1,6,0,0,0,0,21,6,2,1,1,-1,0,-1,0,,,,26,720,90,975,0,0,0,0,0,0,0,1,3,0,0,0,13,2,0,0,2,0,0,2,0,0,2,0,0,2,0,0,2,0,0,2,0,0,2,0,0,2,0,0,2,0,0,2,0,0,2,0,0,2,0,0,0,15,5,25,-1,-1,0,0,-1,-1,0,0,3,6,0,0,0,0,3,1,6,0,15,14,12,70,50,120,129600,0,0,0,0,-1,0,0,0,0,0,0,1,0,0,0,-1,0,0,0,0,30,1,-1,Remarkably helps defend the town from attack.,-1,-1,-1,0
27,58,10,6,0,0,0,0,0,0,6,0,0,0,0,0,0,2,1,1,-1,0,-1,0,,,,28,720,35,640,0,0,0,0,0,0,0,1,3,0,0,0,13,2,0,0,2,0,0,2,0,0,2,0,0,2,0,0,2,0,0,2,0,0,2,0,0,2,0,0,2,0,0,2,0,0,2,0,0,2,0,0,-1,-1,0,0,-1,-1,0,0,-1,-1,0,0,-1,6,0,0,0,0,0,0,6,0,15,14,12,10,8,120,129600,0,0,0,0,-1,0,0,0,0,0,0,1,0,0,0,-1,0,0,0,0,0,1,-1,未使用,-1,-1,-1,3145760
28,41,10,6,0,1,3,0,0,0,6,0,10,27,0,0,0,2,1,1,-1,0,-1,0,,,,35,240,25,600,0,0,0,0,0,0,0,1,3,0,0,0,13,2,0,0,2,0,0,2,0,0,2,0,0,2,0,0,2,0,0,2,0,0,2,0,0,2,0,0,2,0,0,2,0,0,2,0,0,2,0,0,3,-1,5,25,-1,-1,0,0,-1,-1,0,0,3,6,0,1,3,0,0,0,6,0,80,85,12,10,8,120,129600,0,0,0,0,-1,0,0,0,0,0,0,1,0,0,0,-1,0,0,0,0,25,1,-1,A gate in your defensive walls.,353,-1,-1,0
29,53,10,6,0,0,3,0,0,0,6,0,0,27,0,0,0,2,1,1,-1,0,-1,0,,,,-1,720,15,560,0,7,0,0,0,0,0,1,3,0,0,0,13,2,0,0,2,0,0,2,0,0,2,0,0,2,0,0,2,0,0,2,0,0,2,0,0,2,0,0,2,0,0,2,0,0,2,0,0,2,0,0,0,19,5,25,0,22,2,15,-1,-1,0,0,4,6,0,0,3,0,0,0,6,0,15,85,12,10,8,120,129600,0,0,0,0,-1,0,0,0,0,0,0,1,0,0,0,-1,0,0,0,0,250,1,-1,Expands your territory a little.,354,-1,-1,33554434
30,59,10,6,0,3,4,0,0,0,6,0,30,36,0,0,0,2,1,1,-1,0,-1,0,,,,-1,240,25,600,0,8,0,0,0,0,0,1,3,0,0,0,13,2,0,0,2,0,0,2,0,0,2,0,0,2,0,0,2,0,0,2,0,0,2,0,0,2,0,0,2,0,0,2,0,0,2,0,0,2,0,0,0,18,5,25,0,22,2,15,-1,-1,0,0,4,6,0,3,4,0,0,0,6,0,90,90,12,10,8,120,129600,0,0,0,0,-1,0,0,0,0,0,0,1,0,0,0,-1,0,0,0,0,250,1,-1,Expands your territory a little.,355,-1,-1,33554434
31,16,10,6,0,5,8,0,0,0,6,0,50,72,0,0,0,2,1,1,-1,0,-1,0,,,,-1,720,40,660,0,10,0,0,0,0,0,1,3,0,0,0,13,2,0,0,2,0,0,2,0,0,2,0,0,2,0,0,2,0,0,2,0,0,2,0,0,2,0,0,2,0,0,2,0,0,2,0,0,2,0,0,0,20,5,25,0,22,2,15,-1,-1,0,0,4,6,0,5,8,0,0,0,6,0,100,110,12,10,8,120,129600,0,0,0,0,-1,0,0,0,0,0,0,1,0,0,0,-1,0,0,0,0,350,1,-1,Expands your territory a little.,356,-1,-1,33562626
32,16,10,6,0,7,11,0,0,0,6,0,70,99,0,0,0,2,1,1,-1,0,-1,0,,,,-1,1200,65,760,0,12,0,0,0,0,0,1,3,0,0,0,13,2,0,0,2,0,0,2,0,0,2,0,0,2,0,0,2,0,0,2,0,0,2,0,0,2,0,0,2,0,0,2,0,0,2,0,0,2,0,0,0,21,5,25,0,22,2,15,-1,-1,0,0,4,6,0,7,11,0,0,0,6,0,110,125,12,10,8,120,129600,0,0,0,0,-1,0,0,0,0,0,0,1,0,0,0,-1,0,0,0,0,500,1,-1,Expands your territory a little.,357,-1,-1,33562626
33,17,10,6,0,2,0,0,0,0,6,0,20,0,0,0,0,2,1,1,0,0,-1,0,,,,19,1440,15,515,0,0,0,0,0,0,0,1,3,0,0,0,13,2,0,0,2,0,0,2,0,0,2,0,0,2,0,0,2,0,0,2,0,0,2,0,0,2,0,0,2,0,0,2,0,0,2,0,0,2,0,0,-1,-1,0,0,-1,-1,0,0,-1,-1,0,0,5,6,0,2,0,0,0,0,6,0,85,14,12,10,8,120,129600,0,0,0,0,-1,0,0,0,0,0,0,1,0,0,0,-1,0,0,0,0,200,1,-1,Used to store <pic=grass> in town.,-1,-1,-1,0
34,17,10,6,0,0,0,2,0,0,6,0,0,0,16,0,0,2,1,1,2,0,-1,0,,,,20,960,15,515,0,0,0,0,0,0,0,1,3,0,0,0,13,2,0,0,2,0,0,2,0,0,2,0,0,2,0,0,2,0,0,2,0,0,2,0,0,2,0,0,2,0,0,2,0,0,2,0,0,2,0,0,-1,-1,0,0,-1,-1,0,0,-1,-1,0,0,5,6,0,0,0,2,0,0,6,0,15,14,70,10,8,120,129600,0,0,0,0,-1,0,0,0,0,0,0,1,0,0,0,-1,0,0,0,0,180,1,-1,Used to store <pic=food> in town.,-1,-1,-1,0
35,17,10,6,0,0,2,0,0,0,6,0,0,18,0,0,0,2,1,1,1,0,-1,0,,,,16,720,15,515,0,0,0,0,0,0,0,1,3,0,0,0,13,2,0,0,2,0,0,2,0,0,2,0,0,2,0,0,2,0,0,2,0,0,2,0,0,2,0,0,2,0,0,2,0,0,2,0,0,2,0,0,-1,-1,0,0,-1,-1,0,0,-1,-1,0,0,5,6,0,0,2,0,0,0,6,0,15,80,12,10,8,120,129600,0,0,0,0,-1,0,0,0,0,0,0,1,0,0,0,-1,0,0,0,0,160,1,-1,Used to store <pic=wood> in town.,-1,-1,-1,0
36,17,10,6,0,0,0,0,2,0,6,0,0,0,0,14,0,2,1,1,3,0,-1,0,,,,17,720,15,515,0,0,0,0,0,0,0,1,3,0,0,0,13,2,0,0,2,0,0,2,0,0,2,0,0,2,0,0,2,0,0,2,0,0,2,0,0,2,0,0,2,0,0,2,0,0,2,0,0,2,0,0,-1,-1,0,0,-1,-1,0,0,-1,-1,0,0,5,6,0,0,0,0,2,0,6,0,15,14,12,65,8,120,129600,0,0,0,0,-1,0,0,0,0,0,0,1,0,0,0,-1,0,0,0,0,140,1,-1,Used to store <pic=iron> in town.,-1,-1,-1,0
37,17,10,6,0,0,0,0,0,2,6,0,0,0,0,0,12,2,1,1,4,0,-1,0,,,,18,1440,15,515,0,0,0,0,0,0,0,1,3,0,0,0,13,2,0,0,2,0,0,2,0,0,2,0,0,2,0,0,2,0,0,2,0,0,2,0,0,2,0,0,2,0,0,2,0,0,2,0,0,2,0,0,-1,-1,0,0,-1,-1,0,0,-1,-1,0,0,5,6,0,0,0,0,0,2,6,0,15,14,12,10,55,120,129600,0,0,0,0,-1,0,0,0,0,0,0,1,0,0,0,-1,0,0,0,0,120,1,-1,Used to store <pic=magic> in town.,-1,-1,-1,0
38,17,10,6,0,2,0,0,0,0,6,0,20,0,0,0,0,2,1,1,7,0,-1,0,,,,49,1440,30,530,0,0,0,0,0,0,0,1,3,0,0,0,13,2,0,0,2,0,0,2,0,0,2,0,0,2,0,0,2,0,0,2,0,0,2,0,0,2,0,0,2,0,0,2,0,0,2,0,0,2,0,0,-1,-1,0,0,-1,-1,0,0,-1,-1,0,0,5,6,0,2,0,0,0,0,6,0,85,14,12,10,8,120,129600,0,0,0,0,-1,0,0,0,0,0,0,1,0,0,0,-1,0,0,0,0,100,1,-1,Used to store Items in town.,358,-1,-1,0
39,17,10,6,0,0,2,1,0,0,6,0,0,18,8,0,0,2,1,1,5,0,-1,0,,,,47,1440,30,530,0,0,0,0,0,0,0,1,3,0,0,0,13,2,0,0,2,0,0,2,0,0,2,0,0,2,0,0,2,0,0,2,0,0,2,0,0,2,0,0,2,0,0,2,0,0,2,0,0,2,0,0,-1,-1,0,0,-1,-1,0,0,-1,-1,0,0,5,6,0,0,2,1,0,0,6,0,15,80,65,10,8,120,129600,0,0,0,0,-1,0,0,0,0,0,0,1,0,0,0,-1,0,0,0,0,80,1,-1,Used to store Energy in town.,359,-1,-1,0
40,17,10,6,0,0,1,0,2,0,6,0,0,9,0,14,0,2,1,1,6,0,-1,0,,,,48,1440,30,530,0,0,0,0,0,0,0,1,3,0,0,0,13,2,0,0,2,0,0,2,0,0,2,0,0,2,0,0,2,0,0,2,0,0,2,0,0,2,0,0,2,0,0,2,0,0,2,0,0,2,0,0,-1,-1,0,0,-1,-1,0,0,-1,-1,0,0,5,6,0,0,1,0,2,0,6,0,15,75,12,65,8,120,129600,0,0,0,0,-1,0,0,0,0,0,0,1,0,0,0,-1,0,0,0,0,60,1,-1,Used to store Treasure in town.,360,-1,-1,0
41,22,10,6,0,3,5,0,0,0,6,0,30,45,0,0,0,2,1,1,-1,0,-1,0,,,,22,960,10,510,0,0,300,23,-5,-8,9,1,3,10,10,10,13,2,0,0,2,0,0,2,0,0,2,0,0,2,0,0,2,0,0,2,0,0,2,0,0,2,5,8,2,5,8,2,5,8,2,5,8,2,5,8,3,-1,5,25,-1,-1,0,0,-1,-1,0,0,5,6,0,0,0,0,0,0,6,0,15,14,12,10,8,120,129600,0,0,0,0,-1,0,0,0,0,5,5,1,0,0,0,-1,0,0,0,0,50,1,25,Produces fish.,361,-1,-1,137363492
42,18,10,6,0,1,0,2,0,0,6,0,10,0,16,0,0,2,1,1,89,0,-1,0,,,,24,480,10,510,0,0,0,0,0,0,0,1,3,0,0,0,13,2,0,0,2,0,0,2,0,0,2,0,0,2,0,0,2,0,0,2,0,0,2,0,0,2,0,0,2,0,0,2,0,0,2,0,0,2,0,0,3,-1,5,25,-1,-1,0,0,-1,-1,0,0,6,6,0,1,0,2,0,0,6,0,80,14,70,10,8,120,129600,0,0,0,0,-1,0,0,0,0,0,0,1,0,8,99,71,1,0,0,0,100,1,-1,Produces <pic=grass>.,362,-1,-1,0
43,18,10,6,0,1,3,0,0,0,6,0,10,27,0,0,0,2,1,1,92,0,-1,0,,,,24,480,10,510,0,0,0,0,0,0,0,1,3,0,0,0,13,2,0,0,2,0,0,2,0,0,2,0,0,2,0,0,2,0,0,2,0,0,2,0,0,2,0,0,2,0,0,2,0,0,2,0,0,2,0,0,3,-1,5,25,-1,-1,0,0,-1,-1,0,0,6,6,0,1,3,0,0,0,6,0,80,85,12,10,8,120,129600,0,0,0,0,-1,0,0,0,0,0,0,1,0,8,99,72,1,0,0,0,100,1,-1,Produces <pic=wood>.,363,-1,-1,0
44,25,10,6,0,5,10,0,0,0,6,0,50,90,0,0,0,2,1,1,-1,0,-1,0,,,,21,480,10,510,0,0,0,0,0,0,0,1,3,0,0,0,13,2,0,0,2,0,0,2,0,0,2,0,0,2,0,0,2,0,0,2,0,0,2,0,0,2,0,0,2,0,0,2,0,0,2,0,0,2,0,0,3,-1,5,25,-1,-1,0,0,-1,-1,0,0,6,6,0,5,10,0,0,0,6,0,100,120,12,10,8,120,129600,0,0,0,0,-1,0,0,0,0,0,0,1,0,0,0,-1,0,0,0,0,100,1,-1,Used by farmers to produce <pic=food>.,364,-1,-1,3145728
45,62,10,6,0,0,3,0,5,0,6,0,0,27,0,35,0,2,1,1,3,0,-1,0,,,,-1,1440,10,510,0,0,0,0,0,0,0,1,3,0,0,0,13,2,0,0,2,0,0,2,0,0,2,0,0,2,0,0,2,0,0,2,0,0,2,0,0,2,0,0,2,0,0,2,0,0,2,0,0,2,0,0,-1,-1,0,0,-1,-1,0,0,-1,-1,0,0,6,6,0,0,3,0,5,0,6,0,15,85,12,80,8,120,129600,20,150,900,900,-1,0,0,1,5,30,10,3,0,0,0,-1,0,0,0,0,100,1,-1,Produces <pic=iron>.,365,-1,-1,3153920
46,62,10,6,0,0,0,0,5,8,6,0,0,0,0,35,48,2,1,1,4,0,-1,0,,,,-1,1440,10,510,0,0,0,0,0,0,0,1,3,0,0,0,13,2,0,0,2,0,0,2,0,0,2,0,0,2,0,0,2,0,0,2,0,0,2,0,0,2,0,0,2,0,0,2,0,0,2,0,0,2,0,0,-1,-1,0,0,-1,-1,0,0,-1,-1,0,0,6,6,0,0,0,0,5,8,6,0,15,14,12,80,85,120,129600,10,75,1800,1800,-1,0,0,1,3,30,10,3,0,0,0,-1,0,0,0,0,100,1,-1,Produces <pic=magic>.,366,-1,-1,3153920
47,60,10,6,0,0,3,5,0,0,6,0,0,27,40,0,0,2,1,1,-1,0,-1,0,,,,-1,480,20,520,0,0,0,0,0,0,0,1,3,0,0,0,13,2,0,0,2,0,0,2,0,0,2,0,0,2,0,0,2,0,0,2,0,0,2,0,0,2,0,0,2,0,0,2,0,0,2,0,0,2,0,0,-1,-1,0,0,-1,-1,0,0,-1,-1,0,0,6,6,0,0,3,5,0,0,6,0,15,85,85,10,8,120,129600,50,1000,6000,60000,-1,0,0,0,0,0,0,1,0,0,0,-1,0,0,0,0,200,1,-1,Used to gather Energy.,367,-1,-1,0
48,3,10,6,0,0,0,0,0,0,6,0,0,0,0,0,0,2,1,1,-1,0,-1,0,,,,0,720,0,0,0,0,0,0,0,0,0,1,3,0,0,0,13,2,0,0,2,0,0,2,0,0,2,0,0,2,0,0,2,0,0,2,0,0,2,0,0,2,0,0,2,0,0,2,0,0,2,0,0,2,0,0,-1,-1,0,0,-1,-1,0,0,-1,-1,0,0,-1,6,0,0,0,0,0,0,6,0,15,14,12,10,8,120,129600,0,0,0,0,-1,0,0,0,0,0,0,1,0,0,0,-1,0,0,0,0,0,1,-1,未使用,-1,-1,-1,3145760
49,3,10,6,0,0,0,0,0,0,6,0,0,0,0,0,0,2,1,1,-1,0,-1,0,,,,1,720,0,0,0,0,0,0,0,0,0,1,3,0,0,0,13,2,0,0,2,0,0,2,0,0,2,0,0,2,0,0,2,0,0,2,0,0,2,0,0,2,0,0,2,0,0,2,0,0,2,0,0,2,0,0,-1,-1,0,0,-1,-1,0,0,-1,-1,0,0,-1,6,0,0,0,0,0,0,6,0,15,14,12,10,8,120,129600,0,0,0,0,-1,0,0,0,0,0,0,1,0,0,0,-1,0,0,0,0,0,1,-1,未使用,-1,-1,-1,3145760
50,3,10,6,0,0,0,0,0,0,6,0,0,0,0,0,0,2,1,1,-1,0,-1,0,,,,2,720,0,0,0,0,0,0,0,0,0,1,3,0,0,0,13,2,0,0,2,0,0,2,0,0,2,0,0,2,0,0,2,0,0,2,0,0,2,0,0,2,0,0,2,0,0,2,0,0,2,0,0,2,0,0,-1,-1,0,0,-1,-1,0,0,-1,-1,0,0,-1,6,0,0,0,0,0,0,6,0,15,14,12,10,8,120,129600,0,0,0,0,-1,0,0,0,0,0,0,1,0,0,0,-1,0,0,0,0,0,1,-1,未使用,-1,-1,-1,3145760
51,3,10,6,0,0,0,0,0,0,6,0,0,0,0,0,0,2,1,1,-1,0,-1,0,,,,3,720,0,0,0,0,0,0,0,0,0,1,3,0,0,0,13,2,0,0,2,0,0,2,0,0,2,0,0,2,0,0,2,0,0,2,0,0,2,0,0,2,0,0,2,0,0,2,0,0,2,0,0,2,0,0,-1,-1,0,0,-1,-1,0,0,-1,-1,0,0,-1,6,0,0,0,0,0,0,6,0,15,14,12,10,8,120,129600,0,0,0,0,-1,0,0,0,0,0,0,1,0,0,0,-1,0,0,0,0,0,1,-1,未使用,-1,-1,-1,3145760
52,3,10,6,0,0,0,0,0,0,6,0,0,0,0,0,0,2,1,1,-1,0,-1,0,,,,4,720,0,0,0,0,0,0,0,0,0,1,3,0,0,0,13,2,0,0,2,0,0,2,0,0,2,0,0,2,0,0,2,0,0,2,0,0,2,0,0,2,0,0,2,0,0,2,0,0,2,0,0,2,0,0,-1,-1,0,0,-1,-1,0,0,-1,-1,0,0,-1,6,0,0,0,0,0,0,6,0,15,14,12,10,8,120,129600,0,0,0,0,-1,0,0,0,0,0,0,1,0,0,0,-1,0,0,0,0,0,1,-1,未使用,-1,-1,-1,3145760
53,3,10,6,0,0,0,0,0,0,6,0,0,0,0,0,0,2,1,1,-1,0,-1,0,,,,5,720,0,0,0,0,0,0,0,0,0,1,3,0,0,0,13,2,0,0,2,0,0,2,0,0,2,0,0,2,0,0,2,0,0,2,0,0,2,0,0,2,0,0,2,0,0,2,0,0,2,0,0,2,0,0,-1,-1,0,0,-1,-1,0,0,-1,-1,0,0,-1,6,0,0,0,0,0,0,6,0,15,14,12,10,8,120,129600,0,0,0,0,-1,0,0,0,0,0,0,1,0,0,0,-1,0,0,0,0,0,1,-1,未使用,-1,-1,-1,3145760
54,3,10,6,0,0,0,0,0,0,6,0,0,0,0,0,0,2,1,1,-1,0,-1,0,,,,6,720,0,0,0,0,0,0,0,0,0,1,3,0,0,0,13,2,0,0,2,0,0,2,0,0,2,0,0,2,0,0,2,0,0,2,0,0,2,0,0,2,0,0,2,0,0,2,0,0,2,0,0,2,0,0,-1,-1,0,0,-1,-1,0,0,-1,-1,0,0,-1,6,0,0,0,0,0,0,6,0,15,14,12,10,8,120,129600,0,0,0,0,-1,0,0,0,0,0,0,1,0,0,0,-1,0,0,0,0,0,1,-1,未使用,-1,-1,-1,3145760
55,3,10,6,0,0,0,0,0,0,6,0,0,0,0,0,0,2,1,1,-1,0,-1,0,,,,7,720,0,0,0,0,0,0,0,0,0,1,3,0,0,0,13,2,0,0,2,0,0,2,0,0,2,0,0,2,0,0,2,0,0,2,0,0,2,0,0,2,0,0,2,0,0,2,0,0,2,0,0,2,0,0,-1,-1,0,0,-1,-1,0,0,-1,-1,0,0,-1,6,0,0,0,0,0,0,6,0,15,14,12,10,8,120,129600,0,0,0,0,-1,0,0,0,0,0,0,1,0,0,0,-1,0,0,0,0,0,1,-1,未使用,-1,-1,-1,3145760
56,3,10,6,0,0,0,0,0,0,6,0,0,0,0,0,0,2,1,1,-1,0,-1,0,,,,8,720,0,0,0,0,0,0,0,0,0,1,3,0,0,0,13,2,0,0,2,0,0,2,0,0,2,0,0,2,0,0,2,0,0,2,0,0,2,0,0,2,0,0,2,0,0,2,0,0,2,0,0,2,0,0,-1,-1,0,0,-1,-1,0,0,-1,-1,0,0,-1,6,0,0,0,0,0,0,6,0,15,14,12,10,8,120,129600,0,0,0,0,-1,0,0,0,0,0,0,1,0,0,0,-1,0,0,0,0,0,1,-1,未使用,-1,-1,-1,3145760
57,3,10,6,0,0,0,0,0,0,6,0,0,0,0,0,0,2,1,1,-1,0,-1,0,,,,9,720,0,0,0,0,0,0,0,0,0,1,3,0,0,0,13,2,0,0,2,0,0,2,0,0,2,0,0,2,0,0,2,0,0,2,0,0,2,0,0,2,0,0,2,0,0,2,0,0,2,0,0,2,0,0,-1,-1,0,0,-1,-1,0,0,-1,-1,0,0,-1,6,0,0,0,0,0,0,6,0,15,14,12,10,8,120,129600,0,0,0,0,-1,0,0,0,0,0,0,1,0,0,0,-1,0,0,0,0,0,1,-1,未使用,-1,-1,-1,3145760
58,3,10,6,0,0,0,0,0,0,6,0,0,0,0,0,0,2,1,1,-1,0,-1,0,,,,10,720,0,0,0,0,0,0,0,0,0,1,3,0,0,0,13,2,0,0,2,0,0,2,0,0,2,0,0,2,0,0,2,0,0,2,0,0,2,0,0,2,0,0,2,0,0,2,0,0,2,0,0,2,0,0,-1,-1,0,0,-1,-1,0,0,-1,-1,0,0,-1,6,0,0,0,0,0,0,6,0,15,14,12,10,8,120,129600,0,0,0,0,-1,0,0,0,0,0,0,1,0,0,0,-1,0,0,0,0,0,1,-1,未使用,-1,-1,-1,3145760
59,3,10,6,0,0,0,0,0,0,6,0,0,0,0,0,0,2,1,1,-1,0,-1,0,,,,12,720,0,0,0,0,0,0,0,0,0,1,3,0,0,0,13,2,0,0,2,0,0,2,0,0,2,0,0,2,0,0,2,0,0,2,0,0,2,0,0,2,0,0,2,0,0,2,0,0,2,0,0,2,0,0,-1,-1,0,0,-1,-1,0,0,-1,-1,0,0,-1,6,0,0,0,0,0,0,6,0,15,14,12,10,8,120,129600,0,0,0,0,-1,0,0,0,0,0,0,1,0,0,0,-1,0,0,0,0,0,1,-1,未使用,-1,-1,-1,3145760
60,3,10,6,0,0,0,0,0,0,6,0,0,0,0,0,0,2,1,1,-1,0,-1,0,,,,13,720,0,0,0,0,0,0,0,0,0,1,3,0,0,0,13,2,0,0,2,0,0,2,0,0,2,0,0,2,0,0,2,0,0,2,0,0,2,0,0,2,0,0,2,0,0,2,0,0,2,0,0,2,0,0,-1,-1,0,0,-1,-1,0,0,-1,-1,0,0,-1,6,0,0,0,0,0,0,6,0,15,14,12,10,8,120,129600,0,0,0,0,-1,0,0,0,0,0,0,1,0,0,0,-1,0,0,0,0,0,1,-1,未使用,-1,-1,-1,3145760
61,3,10,6,0,0,0,0,0,0,6,0,0,0,0,0,0,2,1,1,-1,0,-1,0,,,,51,720,0,0,0,0,0,0,0,0,0,1,3,0,0,0,13,2,0,0,2,0,0,2,0,0,2,0,0,2,0,0,2,0,0,2,0,0,2,0,0,2,0,0,2,0,0,2,0,0,2,0,0,2,0,0,-1,-1,0,0,-1,-1,0,0,-1,-1,0,0,-1,6,0,0,0,0,0,0,6,0,15,14,12,10,8,120,129600,0,0,0,0,-1,0,0,0,0,0,0,1,0,0,0,-1,0,0,0,0,0,1,-1,未使用,-1,-1,-1,3145760
62,3,10,6,0,0,0,0,0,0,6,0,0,0,0,0,0,2,1,1,-1,0,-1,0,,,,14,720,0,0,0,0,0,0,0,0,0,1,3,0,0,0,13,2,0,0,2,0,0,2,0,0,2,0,0,2,0,0,2,0,0,2,0,0,2,0,0,2,0,0,2,0,0,2,0,0,2,0,0,2,0,0,-1,-1,0,0,-1,-1,0,0,-1,-1,0,0,-1,6,0,0,0,0,0,0,6,0,15,14,12,10,8,120,129600,0,0,0,0,-1,0,0,0,0,0,0,1,0,0,0,-1,0,0,0,0,0,1,-1,未使用,-1,-1,-1,3145760
63,2,10,6,0,0,0,0,0,0,6,0,0,0,0,0,0,2,1,1,-1,0,-1,0,,,,-1,120,10,1000,0,0,0,0,0,0,0,1,3,0,0,0,13,2,0,0,2,0,0,2,0,0,2,0,0,2,0,0,2,0,0,2,0,0,2,0,0,2,0,0,2,0,0,2,0,0,2,0,0,2,0,0,-1,-1,0,0,-1,-1,0,0,-1,-1,0,0,-1,6,0,0,0,0,0,0,6,0,15,14,12,10,8,120,129600,0,0,0,0,-1,0,0,0,0,0,0,1,0,0,0,-1,0,0,0,0,0,1,-1,--,-1,-1,-1,3145761
64,34,10,6,0,0,0,0,0,0,6,0,0,0,0,0,0,2,1,1,-1,0,-1,0,,,,-1,0,50,1000,0,0,0,0,0,0,0,1,3,0,0,0,13,2,0,0,2,0,0,2,0,0,2,0,0,2,0,0,2,0,0,2,0,0,2,0,0,2,0,0,2,0,0,2,0,0,2,0,0,2,0,0,-1,-1,0,0,-1,-1,0,0,-1,-1,0,0,-1,6,0,0,0,0,0,0,6,0,15,14,12,10,8,120,129600,0,0,0,0,-1,0,0,0,0,0,0,1,0,0,0,-1,0,0,0,0,0,1,-1,未使用,368,-1,-1,36700192
65,34,10,6,0,0,0,0,0,0,6,0,0,0,0,0,0,2,1,1,-1,0,-1,0,,,,-1,0,50,1000,0,0,0,0,0,0,0,1,3,0,0,0,13,2,0,0,2,0,0,2,0,0,2,0,0,2,0,0,2,0,0,2,0,0,2,0,0,2,0,0,2,0,0,2,0,0,2,0,0,2,0,0,-1,-1,0,0,-1,-1,0,0,-1,-1,0,0,-1,6,0,0,0,0,0,0,6,0,15,14,12,10,8,120,129600,0,0,0,0,-1,0,0,0,0,0,0,1,0,0,0,-1,0,0,0,0,0,1,-1,未使用,369,-1,-1,36700192
66,48,10,6,0,2,4,0,0,0,6,0,20,36,0,0,0,2,1,1,-1,0,-1,0,,,,-1,1200,5,500,0,0,0,0,0,0,0,1,3,0,0,0,13,2,0,0,2,0,0,2,0,0,2,0,0,2,0,0,2,0,0,2,0,0,2,0,0,2,0,0,2,0,0,2,0,0,2,0,0,2,0,0,-1,-1,0,0,-1,-1,0,0,-1,-1,0,0,7,6,0,2,4,0,0,0,6,0,85,90,12,10,8,120,129600,0,0,0,0,-1,0,0,0,0,5,5,1,0,0,0,-1,0,0,0,0,0,1,-1,Has an effect on the surrounding area.,370,-1,3,0
67,38,10,6,0,1,2,0,0,0,6,0,10,18,0,0,0,2,1,1,-1,0,-1,0,,,,-1,480,5,500,0,0,200,23,-8,0,7,1,3,5,5,10,13,2,0,0,2,0,0,2,0,0,2,0,0,2,0,0,2,0,0,2,5,3,2,0,0,2,0,0,2,5,3,2,5,3,2,0,0,2,0,0,1,-1,5,25,-1,-1,0,0,-1,-1,0,0,7,6,0,1,2,0,0,0,6,0,80,80,12,10,8,120,129600,0,0,0,0,-1,0,0,0,0,5,5,1,0,0,0,-1,0,0,0,0,100,1,20,Makes MP and Vigor recover faster.,371,-1,-1,134217732
68,54,10,6,0,0,2,0,0,0,6,0,0,18,0,0,0,2,1,1,-1,0,-1,0,,,,-1,480,5,500,0,10,0,0,0,0,0,1,3,0,0,0,13,2,0,0,2,0,0,2,0,0,2,0,0,2,0,0,2,0,0,2,0,0,2,0,0,2,0,0,2,0,0,2,0,0,2,0,0,2,0,0,-1,-1,0,0,-1,-1,0,0,-1,-1,0,0,-1,6,0,0,0,0,0,0,6,0,15,14,12,10,8,120,129600,0,0,0,0,-1,0,0,0,0,0,0,1,0,0,0,-1,0,0,0,0,0,1,-1,Helps guide visitors to town.,372,-1,-1,3145761
69,93,10,6,0,0,5,3,0,0,6,0,0,45,24,0,0,2,1,1,-1,0,-1,0,,,,-1,480,5,500,0,14,0,0,0,0,0,1,3,0,0,0,13,2,0,0,2,0,0,2,0,0,2,0,0,2,0,0,2,0,0,2,0,0,2,0,0,2,0,0,2,0,0,2,0,0,2,0,0,2,0,0,-1,-1,0,0,-1,-1,0,0,-1,-1,0,0,-1,6,0,0,0,0,0,0,6,0,15,14,12,10,8,120,129600,0,0,0,0,-1,0,0,0,0,0,0,1,0,0,0,-1,0,0,0,0,0,1,-1,Restores wasteland outside of town.,373,-1,-1,3145760
70,45,10,6,0,0,5,3,0,0,6,0,0,45,24,0,0,2,1,1,-1,0,-1,0,,,,-1,720,5,500,0,0,0,0,0,0,0,1,3,0,0,0,13,2,0,0,2,0,0,2,0,0,2,0,0,2,0,0,2,0,0,2,0,0,2,0,0,2,0,0,2,0,0,2,0,0,2,0,0,2,0,0,0,21,5,25,-1,-1,0,0,-1,-1,0,0,-1,6,0,0,0,0,0,0,6,0,15,14,12,10,8,120,129600,0,0,0,0,-1,0,0,0,0,0,0,1,0,0,0,-1,0,0,0,0,0,1,-1,Allows you to rent horses.,374,-1,0,3145760
71,46,10,6,0,0,2,0,1,0,6,0,0,18,0,7,0,2,1,1,-1,0,-1,0,,,,-1,960,5,500,0,0,0,0,0,0,0,1,3,0,0,0,13,2,0,0,2,0,0,2,0,0,2,0,0,2,0,0,2,0,0,2,0,0,2,0,0,2,0,0,2,0,0,2,0,0,2,0,0,2,0,0,-1,-1,0,0,-1,-1,0,0,-1,-1,0,0,-1,6,0,0,0,0,0,0,6,0,15,14,12,10,8,120,129600,0,0,0,0,-1,0,0,0,0,0,0,1,0,0,0,-1,0,0,0,0,0,1,-1,Used to move things between towns.,375,-1,-1,3153952
72,63,10,6,0,1,2,0,0,0,6,0,10,18,0,0,0,2,1,1,-1,0,-1,0,,,,-1,1440,5,500,0,0,0,0,-9,0,-2,1,3,0,0,0,13,2,0,0,2,0,0,2,0,0,2,0,0,2,0,0,2,0,0,2,0,0,2,0,0,2,0,0,2,0,0,2,0,0,2,0,0,2,0,0,-1,-1,0,0,-1,-1,0,0,-1,-1,0,0,-1,6,0,0,0,0,0,0,6,0,15,14,12,10,8,120,129600,0,0,0,0,-1,0,0,0,0,0,0,1,0,0,0,-1,0,0,0,0,0,1,-1,Used to analyze treasure.,376,-1,-1,19922976
73,29,10,6,0,0,2,1,0,0,6,0,0,18,8,0,0,2,1,1,-1,0,-1,0,,,,-1,960,5,500,0,0,700,6,0,0,0,20,3,4,2,1,13,2,0,0,2,0,0,2,0,0,2,0,0,2,0,0,2,0,0,2,0,0,2,0,0,2,0,0,2,0,0,2,0,0,2,0,0,2,0,0,-1,-1,0,0,-1,-1,0,0,-1,-1,0,0,-1,6,0,0,0,0,0,0,6,0,15,14,12,10,8,120,129600,0,0,0,0,-1,0,0,0,0,30,30,1,0,0,0,-1,0,0,0,0,0,1,-1,Used for recovery.,377,-1,-1,70254624
74,66,10,6,0,0,3,0,1,0,6,0,0,27,0,7,0,2,1,1,-1,0,-1,0,,,,-1,240,5,500,0,0,0,0,0,0,0,1,3,0,0,0,13,2,0,0,2,0,0,2,0,0,2,0,0,2,0,0,2,0,0,2,0,0,2,0,0,2,0,0,2,0,0,2,0,0,2,0,0,2,0,0,-1,-1,0,0,-1,-1,0,0,-1,-1,0,0,-1,6,0,0,0,0,0,0,6,0,15,14,12,10,8,120,129600,0,0,0,0,-1,0,0,0,0,0,0,1,0,0,0,-1,0,0,0,0,0,1,-1,Used for research.,378,-1,-1,3170336
75,65,10,6,0,0,3,0,1,0,6,0,0,27,0,7,0,2,1,1,-1,0,-1,0,,,,-1,240,5,500,0,0,100,28,10,-4,3,1,3,0,5,5,13,2,0,0,2,0,0,2,0,0,2,0,0,2,0,0,2,0,0,2,10,4,2,0,0,2,5,4,2,0,0,2,0,0,2,5,4,2,15,4,0,22,5,25,-1,-1,0,0,-1,-1,0,0,7,6,0,0,3,0,1,0,6,0,15,85,12,60,8,120,129600,0,0,0,0,-1,0,0,0,0,3,3,2,0,0,0,-1,0,0,0,0,50,2,-1,Grants EXP when used.,379,-1,-1,134217732
76,38,10,6,0,1,1,0,0,0,6,0,10,9,0,0,0,2,1,1,-1,0,-1,0,,,,-1,720,5,500,0,0,130,36,0,-3,-7,1,3,0,3,10,13,2,0,0,2,0,0,2,0,0,2,0,0,2,0,0,2,0,0,2,0,0,2,0,0,2,0,0,2,10,2,2,0,0,2,0,0,2,0,0,4,-1,5,25,-1,-1,0,0,-1,-1,0,0,7,6,0,1,1,0,0,0,6,0,80,75,12,10,8,120,129600,0,0,0,0,-1,0,0,0,0,5,5,1,0,0,0,-1,0,0,0,0,100,1,11,Used to cook simple dishes.,380,-1,-1,142606340
77,38,10,6,0,1,2,0,0,0,6,0,10,18,0,0,0,2,1,1,-1,0,-1,0,,,,-1,720,5,500,0,0,130,36,-2,-3,-8,1,3,0,10,3,13,2,0,0,2,0,0,2,0,0,2,0,0,2,0,0,2,0,0,2,0,0,2,0,0,2,0,0,2,0,0,2,10,3,2,0,0,2,0,0,4,-1,5,25,-1,-1,0,0,-1,-1,0,0,7,6,0,1,2,0,0,0,6,0,80,80,12,10,8,120,129600,0,0,0,0,-1,0,0,0,0,5,5,1,0,0,0,-1,0,0,0,0,100,1,11,Used to cook simple dishes.,381,-1,-1,142606340
78,38,10,6,0,0,0,2,1,0,6,0,0,0,16,7,0,2,1,1,-1,0,-1,0,,,,-1,720,15,500,0,0,0,0,0,0,0,1,3,0,0,0,13,2,0,0,2,0,0,2,0,0,2,0,0,2,0,0,2,0,0,2,0,0,2,0,0,2,0,0,2,0,0,2,0,0,2,0,0,2,0,0,-1,-1,0,0,-1,-1,0,0,-1,-1,0,0,7,6,0,0,0,2,1,0,6,0,15,14,70,60,8,120,129600,0,0,0,0,-1,0,0,0,0,0,0,1,0,0,0,-1,0,0,0,0,999,1,-1,Lures away attacking monsters.,382,-1,-1,0
79,38,10,6,0,1,0,0,0,0,6,0,10,0,0,0,0,2,1,1,-1,0,-1,0,,,,-1,240,5,500,0,0,60,23,-6,0,-11,1,3,3,3,0,13,2,0,0,2,0,0,2,0,0,2,0,0,2,0,0,2,0,0,2,0,0,2,0,0,2,0,0,2,0,0,2,0,0,2,0,0,2,0,0,1,-1,5,25,-1,-1,0,0,-1,-1,0,0,7,6,0,1,0,0,0,0,6,0,80,14,12,10,8,120,129600,0,0,0,0,-1,0,0,0,0,0,0,1,0,0,0,-1,0,0,0,0,50,1,100,Something good may happen when it's used.,383,-1,-1,142606340
80,38,10,6,0,2,0,0,0,0,6,0,20,0,0,0,0,2,1,1,-1,0,-1,0,,,,-1,240,5,500,0,0,60,23,-6,0,-11,1,3,0,3,3,13,2,0,0,2,0,0,2,0,0,2,0,0,2,0,0,2,0,0,2,0,0,2,0,0,2,0,0,2,0,0,2,0,0,2,0,0,2,0,0,1,-1,5,25,-1,-1,0,0,-1,-1,0,0,7,6,0,2,0,0,0,0,6,0,85,14,12,10,8,120,129600,0,0,0,0,-1,0,0,0,0,0,0,1,0,0,0,-1,0,0,0,0,50,1,100,Something good may happen when it's used.,384,-1,-1,142606340
81,38,10,6,0,3,2,0,0,0,6,0,30,18,0,0,0,2,1,1,-1,0,-1,0,,,,-1,720,5,500,0,0,60,23,-6,0,-11,1,3,3,0,3,13,2,0,0,2,0,0,2,0,0,2,0,0,2,0,0,2,0,0,2,0,0,2,0,0,2,0,0,2,0,0,2,0,0,2,0,0,2,0,0,1,-1,5,25,-1,-1,0,0,-1,-1,0,0,7,6,0,3,2,0,0,0,6,0,90,80,12,10,8,120,129600,0,0,0,0,-1,0,0,0,0,0,0,1,0,0,0,-1,0,0,0,0,50,1,100,Something good may happen when it's used.,385,-1,-1,142606340
82,38,10,6,0,0,0,0,2,3,6,0,0,0,0,14,18,2,1,1,-1,0,-1,0,,,,-1,720,5,500,0,0,190,23,-2,1,-10,1,3,4,10,5,13,2,0,0,2,0,0,2,20,5,2,0,0,2,0,0,2,0,0,2,0,0,2,0,0,2,5,5,2,0,0,2,5,5,2,0,0,2,5,5,1,-1,5,25,-1,-1,0,0,-1,-1,0,0,7,6,0,0,0,0,2,3,6,0,15,14,12,65,60,120,129600,0,0,0,0,-1,0,0,0,0,5,5,1,0,0,0,-1,0,0,0,0,50,2,-1,Grants EXP when used.,386,-1,-1,142606340
83,38,10,6,0,0,0,0,3,5,6,0,0,0,0,21,30,2,1,1,-1,0,-1,0,,,,-1,1200,10,500,0,0,350,23,3,-4,-6,1,3,5,20,10,13,2,0,0,2,0,0,2,10,8,2,0,0,2,0,0,2,0,0,2,0,0,2,0,0,2,5,8,2,0,0,2,5,8,2,0,0,2,20,8,1,-1,5,25,-1,-1,0,0,-1,-1,0,0,7,6,0,0,0,0,3,5,6,0,15,14,12,70,70,120,129600,0,0,0,0,-1,0,0,0,0,5,5,1,0,0,0,-1,0,0,0,0,50,2,-1,Grants EXP when used.,387,-1,-1,142606340
84,38,10,6,0,0,0,0,5,3,6,0,0,0,0,35,18,2,1,1,-1,0,-1,0,,,,-1,720,5,500,0,0,1100,34,0,0,0,20,3,5,4,2,13,2,0,0,2,0,0,2,0,0,2,0,0,2,0,0,2,0,0,2,0,0,2,0,0,2,0,0,2,0,0,2,0,0,2,0,0,2,0,0,-1,-1,0,0,-1,-1,0,0,-1,-1,0,0,7,6,0,0,0,0,5,3,6,0,15,14,12,80,60,120,129600,0,0,0,0,-1,0,0,0,0,5,5,1,0,0,0,-1,0,0,0,0,50,2,-1,Used for recovery.,388,-1,-1,67108864
85,30,10,6,0,0,2,0,0,5,6,0,0,18,0,0,30,2,1,1,-1,0,-1,0,,,,-1,960,65,500,0,0,0,23,0,0,0,1,3,0,0,0,13,2,0,0,2,0,0,2,5,7,2,0,0,2,0,0,2,0,0,2,0,0,2,0,0,2,0,0,2,5,7,2,0,0,2,5,7,2,0,0,3,-1,5,25,-1,-1,0,0,-1,-1,0,0,7,6,0,0,2,0,0,5,6,0,15,80,12,10,70,120,129600,0,0,0,0,-1,0,0,0,0,0,0,1,0,0,0,-1,0,0,0,0,999,2,-1,Lures away attacking monsters.,389,-1,-1,0
86,32,10,6,0,0,0,0,1,2,6,0,0,0,0,7,12,2,1,1,-1,0,-1,0,,,,-1,720,40,500,0,0,0,23,0,0,0,1,3,0,0,0,13,2,0,0,2,0,0,2,10,3,2,0,0,2,0,0,2,0,0,2,0,0,2,0,0,2,5,3,2,0,0,2,5,3,2,0,0,2,5,3,3,-1,5,25,-1,-1,0,0,-1,-1,0,0,7,6,0,0,0,0,1,2,6,0,15,14,12,60,55,120,129600,0,0,0,0,-1,0,0,0,0,0,0,1,0,0,0,-1,0,0,0,0,999,2,-1,Lures away attacking monsters.,390,-1,-1,0
87,32,10,6,0,0,0,0,1,3,6,0,0,0,0,7,18,2,1,1,-1,0,-1,0,,,,-1,960,55,500,0,0,0,23,0,0,0,1,3,0,0,0,13,2,0,0,2,0,0,2,10,4,2,0,0,2,0,0,2,0,0,2,0,0,2,0,0,2,0,0,2,5,4,2,0,0,2,5,4,2,0,0,3,-1,5,25,-1,-1,0,0,-1,-1,0,0,7,6,0,0,0,0,1,3,6,0,15,14,12,60,60,120,129600,0,0,0,0,-1,0,0,0,0,0,0,1,0,0,0,-1,0,0,0,0,999,2,-1,Lures away attacking monsters.,391,-1,-1,0
88,32,10,6,0,0,0,0,1,5,6,0,0,0,0,7,30,2,1,1,-1,0,-1,0,,,,-1,1200,70,500,0,0,0,23,0,0,0,1,3,0,0,0,13,2,0,0,2,0,0,2,10,6,2,0,0,2,0,0,2,0,0,2,0,0,2,0,0,2,5,6,2,0,0,2,5,6,2,0,0,2,5,6,3,-1,5,25,-1,-1,0,0,-1,-1,0,0,7,6,0,0,0,0,1,5,6,0,15,14,12,60,70,120,129600,0,0,0,0,-1,0,0,0,0,0,0,1,0,0,0,-1,0,0,0,0,999,2,-1,Lures away attacking monsters.,392,-1,-1,0
89,38,10,6,0,0,10,0,10,0,6,0,0,90,0,70,0,2,1,1,-1,0,-1,0,,,,-1,1680,5,500,0,0,0,0,0,0,0,1,3,0,0,0,13,2,0,0,2,0,0,2,0,0,2,0,0,2,0,0,2,0,0,2,0,0,2,0,0,2,0,0,2,0,0,2,0,0,2,0,0,2,0,0,3,-1,20,50,-1,-1,0,0,-1,-1,0,0,7,6,0,0,10,0,10,0,6,0,15,120,12,105,8,120,129600,0,0,0,0,-1,0,0,0,0,0,0,1,0,0,0,-1,0,0,0,0,200,1,-1,Boosts durability of surrounding facilities.,393,-1,-1,0
90,61,10,6,0,3,0,2,0,0,6,0,30,0,16,0,0,2,1,1,-1,0,-1,0,,,,-1,720,5,500,0,0,0,29,0,0,0,1,3,0,0,0,13,2,0,0,2,0,0,2,0,0,2,0,0,2,0,0,2,0,0,2,0,0,2,0,0,2,0,0,2,0,0,2,0,0,2,0,0,2,0,0,-1,-1,0,0,-1,-1,0,0,-1,-1,0,0,7,6,0,3,0,2,0,0,6,0,90,14,70,10,8,120,129600,0,0,0,0,-1,0,0,0,0,0,0,1,0,5,99,110,1,0,0,0,0,1,-1,"Place in lush, natural surroundings.",394,-1,-1,3145792
91,38,10,6,0,1,2,0,0,0,6,0,10,18,0,0,0,2,1,1,-1,0,-1,0,,,,-1,720,5,500,0,0,230,28,5,2,1,1,3,5,3,15,13,2,0,0,2,0,0,2,0,0,2,0,0,2,0,0,2,5,3,2,5,3,2,0,0,2,5,3,2,5,3,2,5,3,2,5,3,2,5,3,1,-1,5,25,-1,-1,0,0,-1,-1,0,0,7,6,0,1,2,0,0,0,6,0,80,80,12,10,8,120,129600,0,0,0,0,-1,0,0,0,0,3,3,2,0,0,0,-1,0,0,0,0,50,2,-1,Used for recovery.,395,-1,-1,138412036
92,94,10,6,0,0,3,5,0,0,6,0,0,27,40,0,0,2,1,1,-1,0,-1,0,,,,-1,480,5,500,0,10,0,0,0,0,0,1,3,0,0,0,13,2,0,0,2,0,0,2,0,0,2,0,0,2,0,0,2,0,0,2,0,0,2,0,0,2,0,0,2,0,0,2,0,0,2,0,0,2,0,0,-1,-1,0,0,-1,-1,0,0,-1,-1,0,0,7,6,0,0,3,5,0,0,6,0,15,85,85,10,8,120,129600,0,0,0,0,-1,0,0,0,0,0,0,1,0,0,0,-1,0,0,0,0,0,1,-1,Used for gathering materials outside of town.,396,-1,-1,3145728
93,57,10,6,0,5,0,0,0,0,6,0,50,0,0,0,0,2,1,1,0,0,-1,0,,,,-1,240,10,100,0,0,0,0,0,0,0,1,3,0,0,0,13,2,0,0,2,0,0,2,0,0,2,0,0,2,0,0,2,0,0,2,0,0,2,0,0,2,0,0,2,0,0,2,0,0,2,0,0,2,0,0,-1,-1,0,0,-1,-1,0,0,-1,-1,0,0,-1,6,0,0,0,0,0,0,6,0,15,14,12,10,8,120,129600,0,0,0,0,-1,0,0,0,0,0,0,1,0,0,0,75,1,0,0,0,0,1,-1,Used to store materials for shops.,397,-1,-1,3145760
94,57,10,6,0,0,5,0,0,0,6,0,0,45,0,0,0,2,1,1,1,0,-1,0,,,,-1,1440,10,100,0,0,0,0,0,0,0,1,3,0,0,0,13,2,0,0,2,0,0,2,0,0,2,0,0,2,0,0,2,0,0,2,0,0,2,0,0,2,0,0,2,0,0,2,0,0,2,0,0,2,0,0,-1,-1,0,0,-1,-1,0,0,-1,-1,0,0,-1,6,0,0,0,0,0,0,6,0,15,14,12,10,8,120,129600,0,0,0,0,-1,0,0,0,0,0,0,1,0,0,0,75,1,0,0,0,0,1,-1,Used to store materials for shops.,398,-1,-1,3145760
95,57,10,6,0,0,0,5,0,0,6,0,0,0,40,0,0,2,1,1,2,0,-1,0,,,,-1,1440,10,100,0,0,0,0,0,0,0,1,3,0,0,0,13,2,0,0,2,0,0,2,0,0,2,0,0,2,0,0,2,0,0,2,0,0,2,0,0,2,0,0,2,0,0,2,0,0,2,0,0,2,0,0,-1,-1,0,0,-1,-1,0,0,-1,-1,0,0,-1,6,0,0,0,0,0,0,6,0,15,14,12,10,8,120,129600,0,0,0,0,-1,0,0,0,0,0,0,1,0,0,0,75,1,0,0,0,0,1,-1,Used to store materials for shops.,399,-1,-1,3145760
96,57,10,6,0,0,0,0,5,0,6,0,0,0,0,35,0,2,1,1,3,0,-1,0,,,,-1,1440,10,100,0,0,0,0,0,0,0,1,3,0,0,0,13,2,0,0,2,0,0,2,0,0,2,0,0,2,0,0,2,0,0,2,0,0,2,0,0,2,0,0,2,0,0,2,0,0,2,0,0,2,0,0,-1,-1,0,0,-1,-1,0,0,-1,-1,0,0,-1,6,0,0,0,0,0,0,6,0,15,14,12,10,8,120,129600,0,0,0,0,-1,0,0,0,0,0,0,1,0,0,0,75,1,0,0,0,0,1,-1,Used to store materials for shops.,400,-1,-1,3145760
97,57,10,6,0,0,0,0,0,5,6,0,0,0,0,0,30,2,1,1,4,0,-1,0,,,,-1,1440,10,100,0,0,0,0,0,0,0,1,3,0,0,0,13,2,0,0,2,0,0,2,0,0,2,0,0,2,0,0,2,0,0,2,0,0,2,0,0,2,0,0,2,0,0,2,0,0,2,0,0,2,0,0,-1,-1,0,0,-1,-1,0,0,-1,-1,0,0,-1,6,0,0,0,0,0,0,6,0,15,14,12,10,8,120,129600,0,0,0,0,-1,0,0,0,0,0,0,1,0,0,0,75,1,0,0,0,0,1,-1,Used to store materials for shops.,401,-1,-1,3145760
98,29,10,6,0,1,0,0,0,0,6,0,10,0,0,0,0,2,1,1,-1,0,-1,0,,,,-1,240,0,0,0,0,7200,6,0,0,0,1,3,1,1,70,13,2,0,0,2,0,0,2,0,0,2,0,0,2,0,0,2,0,0,2,0,0,2,0,0,2,0,0,2,0,0,2,0,0,2,0,0,2,0,0,-1,-1,0,0,-1,-1,0,0,-1,-1,0,0,-1,6,0,0,0,0,0,0,6,0,15,14,12,10,8,120,129600,0,0,0,0,-1,0,0,0,0,0,0,1,0,0,0,-1,0,0,0,0,0,1,-1,Perfect for a good night's sleep.,402,-1,-1,1048608
99,29,10,6,0,0,1,0,0,0,6,0,0,9,0,0,0,2,1,1,-1,0,-1,0,,,,-1,240,0,0,0,0,8600,6,0,0,0,1,3,3,3,80,13,2,0,0,2,0,0,2,0,0,2,0,0,2,0,0,2,0,0,2,0,0,2,0,0,2,0,0,2,0,0,2,0,0,2,0,0,2,0,0,-1,-1,0,0,-1,-1,0,0,-1,-1,0,0,-1,6,0,0,0,0,0,0,6,0,15,14,12,10,8,120,129600,0,0,0,0,-1,0,0,0,0,0,0,1,0,0,0,-1,0,0,0,0,0,1,-1,Perfect for a good night's sleep.,403,-1,-1,1048608
100,29,10,6,0,2,1,0,0,0,6,0,20,9,0,0,0,2,1,1,-1,0,-1,0,,,,-1,240,0,0,0,0,10600,6,0,0,0,1,3,8,8,90,13,2,0,0,2,0,0,2,0,0,2,0,0,2,0,0,2,0,0,2,0,0,2,0,0,2,0,0,2,0,0,2,0,0,2,0,0,2,0,0,-1,-1,0,0,-1,-1,0,0,-1,-1,0,0,-1,6,0,0,0,0,0,0,6,0,15,14,12,10,8,120,129600,0,0,0,0,-1,0,0,0,0,0,0,1,0,0,0,-1,0,0,0,0,0,1,-1,Perfect for a good night's sleep.,404,-1,-1,1048608
101,29,10,6,0,2,2,0,0,0,6,0,20,18,0,0,0,2,1,750,-1,0,-1,0,,,,-1,240,0,0,0,0,7000,6,0,0,0,1,3,10,10,50,13,2,0,0,2,0,0,2,0,0,2,0,0,2,0,0,2,0,0,2,0,0,2,0,0,2,0,0,2,0,0,2,0,0,2,0,0,2,0,0,1,-1,5,25,-1,-1,0,0,-1,-1,0,0,-1,6,0,0,0,0,0,0,6,0,15,14,12,10,8,120,129600,0,0,0,0,-1,0,0,0,0,0,0,1,0,0,0,-1,0,25,500,52,0,1,-1,Enough room for two!,405,-1,-1,1081640
102,55,10,6,0,1,2,0,0,0,6,0,10,18,0,0,0,2,1,1,-1,0,-1,0,,,,-1,240,0,0,0,0,0,0,0,0,0,1,3,0,0,0,13,2,0,0,2,0,0,2,0,0,2,0,0,2,0,0,2,0,0,2,0,0,2,0,0,2,0,0,2,0,0,2,0,0,2,0,0,2,0,0,-1,-1,0,0,-1,-1,0,0,-1,-1,0,0,-1,6,0,0,0,0,0,0,6,0,15,14,12,10,8,120,129600,0,0,0,0,-1,0,0,0,0,0,0,1,-1,0,0,-1,0,0,0,0,0,1,-1,Used to send goods to visitors and allies.,406,296,-1,3145760
103,31,10,6,0,1,3,0,0,0,6,0,10,27,0,0,0,2,1,1,-1,0,-1,0,,,,-1,240,3,50,0,0,0,0,0,0,0,1,3,0,0,0,13,2,0,0,2,0,0,2,0,0,2,0,0,2,0,0,2,0,0,2,0,0,2,0,0,2,0,0,2,0,0,2,0,0,2,0,0,2,0,0,-1,-1,0,0,-1,-1,0,0,-1,-1,0,0,-1,6,0,0,0,0,0,0,6,0,15,14,12,10,8,120,129600,0,0,0,0,-1,0,0,0,0,0,0,1,0,0,0,-1,0,0,0,0,0,1,-1,Displays goods for visitors and allies.,407,-1,-1,3145761
104,31,10,6,0,1,4,0,0,0,6,0,10,36,0,0,0,2,1,1,-1,0,-1,0,,,,-1,240,3,50,0,0,0,0,0,0,0,1,3,0,0,0,13,2,0,0,2,0,0,2,0,0,2,0,0,2,0,0,2,0,0,2,0,0,2,0,0,2,0,0,2,0,0,2,0,0,2,0,0,2,0,0,-1,-1,0,0,-1,-1,0,0,-1,-1,0,0,-1,6,0,0,0,0,0,0,6,0,15,14,12,10,8,120,129600,0,0,0,0,-1,0,0,0,0,0,0,1,0,0,0,-1,0,0,0,0,0,1,-1,Displays goods for visitors and allies.,408,-1,-1,3145761
105,31,10,6,0,1,5,0,0,0,6,0,10,45,0,0,0,2,1,1,-1,0,-1,0,,,,-1,240,3,50,0,0,0,0,0,0,0,1,3,0,0,0,13,2,0,0,2,0,0,2,0,0,2,0,0,2,0,0,2,0,0,2,0,0,2,0,0,2,0,0,2,0,0,2,0,0,2,0,0,2,0,0,-1,-1,0,0,-1,-1,0,0,-1,-1,0,0,-1,6,0,0,0,0,0,0,6,0,15,14,12,10,8,120,129600,0,0,0,0,-1,0,0,0,0,0,0,1,0,0,0,-1,0,0,0,0,0,1,-1,Displays goods for visitors and allies.,409,-1,-1,3145761
106,4,10,6,0,2,5,0,0,0,6,0,20,45,0,0,0,2,1,1,-1,0,-1,0,,,,-1,240,0,0,0,0,0,28,0,0,0,1,3,0,0,0,13,2,0,0,2,0,0,2,20,7,2,0,0,2,0,0,2,0,0,2,0,0,2,0,0,2,5,7,2,0,0,2,0,0,2,0,0,2,0,0,0,22,5,25,-1,-1,0,0,-1,-1,0,0,8,6,0,2,5,0,0,0,6,0,85,95,12,10,8,120,129600,0,0,0,0,-1,0,0,0,0,1,1,1,0,0,0,-1,0,0,0,0,0,1,-1,Grants EXP when used.,410,-1,-1,1048576
107,56,10,6,0,0,8,0,4,0,6,0,0,72,0,28,0,2,1,1,-1,0,-1,0,,,,-1,240,0,0,0,0,0,28,-7,7,0,1,3,0,0,0,13,2,0,0,2,0,0,2,0,0,2,0,0,2,0,0,2,0,0,2,0,0,2,0,0,2,0,0,2,0,0,2,0,0,2,0,0,2,0,0,-1,-1,0,0,-1,-1,0,0,-1,-1,0,0,9,6,0,0,0,0,0,0,6,0,15,14,12,10,8,120,129600,0,0,0,0,-1,0,0,0,0,1,1,1,0,0,0,75,1,0,0,0,0,1,-1,The monarch will certainly like it.,411,-1,-1,3145760
108,56,10,6,0,0,8,0,4,0,6,0,0,72,0,28,0,2,1,1,-1,0,-1,0,,,,-1,240,0,0,0,0,0,28,-3,-5,-4,1,3,0,0,0,13,2,0,0,2,0,0,2,0,0,2,0,0,2,0,0,2,0,0,2,0,0,2,0,0,2,0,0,2,0,0,2,0,0,2,0,0,2,0,0,-1,-1,0,0,-1,-1,0,0,-1,-1,0,0,9,6,0,0,0,0,0,0,6,0,15,14,12,10,8,120,129600,0,0,0,0,-1,0,0,0,0,0,0,1,0,0,0,77,1,0,0,0,0,1,-1,Used for research.,412,-1,-1,15745056
109,56,10,6,0,0,8,0,4,0,6,0,0,72,0,28,0,2,1,1,-1,0,-1,0,,,,-1,240,0,0,0,0,1800,28,-2,-12,-2,20,3,8,6,4,13,2,0,0,2,0,0,2,0,0,2,0,0,2,0,0,2,0,0,2,0,0,2,0,0,2,0,0,2,0,0,2,0,0,2,0,0,2,0,0,-1,-1,0,0,-1,-1,0,0,-1,-1,0,0,9,6,0,0,0,0,0,0,6,0,15,14,12,10,8,120,129600,0,0,0,0,-1,0,0,0,0,5,5,1,0,0,0,84,1,0,0,0,0,1,-1,Handy when you need to recover.,413,-1,-1,68157472
110,56,10,6,0,0,8,0,4,0,6,0,0,72,0,28,0,2,1,1,-1,0,-1,0,,,,-1,240,0,0,0,0,0,28,-3,2,-17,1,3,0,0,0,13,2,0,0,2,0,0,2,0,0,2,0,0,2,0,0,2,0,0,2,0,0,2,0,0,2,0,0,2,0,0,2,0,0,2,0,0,2,0,0,-1,-1,0,0,-1,-1,0,0,-1,-1,0,0,9,6,0,0,8,0,4,0,6,0,15,110,12,75,8,120,129600,0,0,0,0,-1,0,0,0,0,0,0,1,0,0,0,81,1,0,0,0,0,1,-1,Used to make and sell accessories.,414,-1,-1,11534336
111,56,10,6,0,0,8,0,4,0,6,0,0,72,0,28,0,2,1,1,-1,0,-1,0,,,,-1,240,0,0,0,0,0,36,-9,-5,-1,1,3,0,0,0,13,2,0,0,2,0,0,2,0,0,2,0,0,2,0,0,2,0,0,2,0,0,2,0,0,2,0,0,2,0,0,2,0,0,2,0,0,2,0,0,-1,-1,0,0,-1,-1,0,0,-1,-1,0,0,9,6,0,0,8,0,4,0,6,0,15,110,12,75,8,120,129600,0,0,0,0,-1,0,0,0,0,0,0,1,0,0,0,78,1,0,0,0,0,1,-1,Used to make and sell food.,415,-1,-1,15728640
112,56,10,6,0,0,8,0,0,5,6,0,0,72,0,0,30,2,1,1,-1,0,-1,0,,,,-1,240,0,0,0,0,2400,31,2,-8,-9,20,3,9,9,6,13,2,0,0,2,0,0,2,0,0,2,0,0,2,0,0,2,0,0,2,0,0,2,0,0,2,0,0,2,0,0,2,0,0,2,0,0,2,0,0,-1,-1,0,0,-1,-1,0,0,-1,-1,0,0,9,6,0,0,0,0,0,0,6,0,15,14,12,10,8,120,129600,0,0,0,0,-1,0,0,0,0,5,5,1,0,0,0,82,1,0,0,0,0,1,-1,Handy when you need to recover.,416,-1,-1,76546080
113,56,10,6,0,0,8,0,4,0,6,0,0,72,0,28,0,2,1,1,-1,0,-1,0,,,,-1,1440,0,0,0,0,0,28,3,-5,-9,1,3,0,0,0,13,2,0,0,2,0,0,2,0,0,2,0,0,2,0,0,2,0,0,2,0,0,2,0,0,2,0,0,2,0,0,2,0,0,2,0,0,2,0,0,-1,-1,0,0,-1,-1,0,0,-1,-1,0,0,9,6,0,0,0,0,0,0,6,0,15,14,12,10,8,120,129600,0,0,0,0,-1,0,0,0,0,0,0,1,0,0,0,80,1,0,0,0,0,1,-1,Used to analyze treasure.,417,-1,-1,28311584
114,56,10,6,0,0,8,0,4,0,6,0,0,72,0,28,0,2,1,1,-1,0,-1,0,,,,-1,240,0,0,0,0,0,4,-16,1,-6,1,3,0,0,0,13,2,0,0,2,0,0,2,0,0,2,0,0,2,0,0,2,0,0,2,0,0,2,0,0,2,0,0,2,0,0,2,0,0,2,0,0,2,0,0,-1,-1,0,0,-1,-1,0,0,-1,-1,0,0,9,6,0,0,8,0,4,0,6,0,15,110,12,75,8,120,129600,0,0,0,0,-1,0,0,0,0,0,0,1,0,0,0,75,1,0,0,0,0,1,-1,Used to make and sell furniture.,418,-1,-1,3145728
115,56,10,6,0,0,8,0,4,0,6,0,0,72,0,28,0,2,1,1,-1,0,-1,0,,,,-1,240,0,0,0,0,0,4,-14,3,0,1,3,0,0,0,13,2,0,0,2,0,0,2,0,0,2,0,0,2,0,0,2,0,0,2,0,0,2,0,0,2,0,0,2,0,0,2,0,0,2,0,0,2,0,0,-1,-1,0,0,-1,-1,0,0,-1,-1,0,0,9,6,0,0,8,0,4,0,6,0,15,110,12,75,8,120,129600,0,0,0,0,-1,0,0,0,0,0,0,1,0,0,0,79,1,0,0,0,0,1,-1,Used to make and sell weapons.,419,-1,-1,3145728
116,56,10,6,0,0,8,0,4,0,6,0,0,72,0,28,0,2,1,1,-1,0,-1,0,,,,-1,240,0,0,0,0,0,4,-14,3,0,1,3,0,0,0,13,2,0,0,2,0,0,2,0,0,2,0,0,2,0,0,2,0,0,2,0,0,2,0,0,2,0,0,2,0,0,2,0,0,2,0,0,2,0,0,-1,-1,0,0,-1,-1,0,0,-1,-1,0,0,9,6,0,0,8,0,4,0,6,0,15,110,12,75,8,120,129600,0,0,0,0,-1,0,0,0,0,0,0,1,0,0,0,79,1,0,0,0,0,1,-1,Used to make and sell armor.,420,-1,-1,3145728
117,56,10,6,0,0,8,0,0,5,6,0,0,72,0,0,30,2,1,1,-1,0,-1,0,,,,-1,240,0,0,0,0,0,31,-9,-5,-1,1,3,0,0,0,13,2,0,0,2,0,0,2,0,0,2,0,0,2,0,0,2,0,0,2,0,0,2,0,0,2,0,0,2,0,0,2,0,0,2,0,0,2,0,0,-1,-1,0,0,-1,-1,0,0,-1,-1,0,0,9,6,0,0,8,0,0,5,6,0,15,110,12,10,70,120,129600,0,0,0,0,-1,0,0,0,0,0,0,1,0,0,0,83,1,0,0,0,0,1,-1,Used to make and sell skills.,421,-1,-1,15728640
118,56,10,6,0,0,8,0,4,0,6,0,0,72,0,28,0,2,1,1,-1,0,-1,0,,,,-1,240,0,0,0,0,0,28,-9,-3,0,1,3,0,0,0,13,2,0,0,2,0,0,2,0,0,2,0,0,2,0,0,2,0,0,2,0,0,2,0,0,2,0,0,2,0,0,2,0,0,2,0,0,2,0,0,-1,-1,0,0,-1,-1,0,0,-1,-1,0,0,9,6,0,0,8,0,4,0,6,0,15,110,12,75,8,120,129600,0,0,0,0,-1,0,0,0,0,0,0,1,0,0,0,80,1,0,0,0,0,1,-1,Used to make and sell items.,422,-1,-1,15728640
119,4,10,6,0,1,2,0,0,0,6,0,10,18,0,0,0,2,1,55,-1,0,-1,0,,,,-1,240,0,0,0,0,30,23,-2,0,9,1,3,0,0,3,13,2,0,0,2,0,0,2,0,0,2,0,0,2,0,0,2,3,3,2,0,0,2,0,0,2,0,0,2,10,3,2,10,3,2,0,0,2,0,0,0,20,5,25,-1,-1,0,0,-1,-1,0,0,8,6,0,1,2,0,0,0,6,0,80,80,12,10,8,120,129600,0,0,0,0,-1,0,0,0,0,3,3,1,0,0,0,-1,0,2,17,6,0,1,35,Sometimes produces items.,423,-1,-1,135266316
120,4,10,6,0,1,2,0,0,0,6,0,10,18,0,0,0,2,1,185,-1,0,-1,0,,,,-1,240,0,0,0,0,30,23,-2,0,9,1,3,0,3,0,13,2,0,0,2,0,0,2,0,0,2,0,0,2,0,0,2,0,0,2,3,3,2,0,0,2,0,0,2,12,3,2,12,3,2,12,3,2,12,3,0,20,5,25,-1,-1,0,0,-1,-1,0,0,8,6,0,1,2,0,0,0,6,0,80,80,12,10,8,120,129600,0,0,0,0,-1,0,0,0,0,1,1,1,0,0,0,-1,0,5,80,12,0,1,30,Sometimes produces items.,424,-1,-1,135266316
121,4,10,6,0,1,1,0,0,0,6,0,10,9,0,0,0,2,1,135,-1,0,-1,0,,,,-1,240,0,0,0,0,30,23,-2,0,9,1,3,0,0,3,13,2,0,0,2,0,0,2,0,0,2,0,0,2,0,0,2,3,2,2,0,0,2,0,0,2,0,0,2,15,2,2,15,2,2,12,2,2,15,2,0,20,5,25,-1,-1,0,0,-1,-1,0,0,8,6,0,1,1,0,0,0,6,0,80,75,12,10,8,120,129600,0,0,0,0,-1,0,0,0,0,2,2,1,0,0,0,-1,0,5,55,12,0,1,30,Sometimes produces items.,425,-1,-1,135266316
122,4,10,6,0,1,1,0,0,0,6,0,10,9,0,0,0,2,1,175,-1,0,-1,0,,,,-1,240,0,0,0,0,30,23,-2,0,9,1,3,0,3,0,13,2,0,0,2,0,0,2,3,2,2,0,0,2,0,0,2,0,0,2,0,0,2,0,0,2,0,0,2,15,2,2,15,2,2,0,0,2,15,2,0,20,5,25,-1,-1,0,0,-1,-1,0,0,8,6,0,1,1,0,0,0,6,0,80,75,12,10,8,120,129600,0,0,0,0,-1,0,0,0,0,3,3,1,0,0,0,-1,0,6,77,14,0,1,35,Sometimes produces items.,426,-1,-1,135266316
123,4,10,6,0,0,0,0,2,2,6,0,0,0,0,14,12,2,1,750,-1,0,-1,0,,,,-1,240,0,0,0,0,30,23,-2,0,9,1,3,0,3,0,13,2,0,0,2,0,0,2,10,4,2,0,0,2,0,0,2,10,4,2,10,4,2,0,0,2,15,4,2,0,0,2,0,0,2,15,4,2,0,0,0,18,5,25,-1,-1,0,0,-1,-1,0,0,8,6,0,0,0,0,2,2,6,0,15,14,12,65,55,120,129600,0,0,0,0,-1,0,0,0,0,1,1,1,0,0,0,-1,0,10,405,22,0,1,3,Sometimes produces ore.,427,-1,-1,135266316
124,4,10,6,0,1,2,0,0,0,6,0,10,18,0,0,0,2,1,55,-1,0,-1,0,,,,-1,240,0,0,0,0,30,28,0,-5,0,1,3,0,0,3,13,2,5,3,2,5,3,2,5,3,2,0,0,2,0,0,2,0,0,2,5,3,2,0,0,2,15,3,2,15,3,2,15,3,2,15,3,2,15,3,0,19,5,25,-1,-1,0,0,-1,-1,0,0,8,6,0,1,2,0,0,0,6,0,80,80,12,10,8,120,129600,0,0,0,0,-1,0,0,0,0,2,2,1,0,0,0,-1,0,2,17,6,0,1,10,Sometimes produces meals.,428,-1,-1,135266316
125,4,10,6,0,2,4,0,0,0,6,0,20,36,0,0,0,2,1,335,-1,0,-1,0,,,,-1,240,0,0,0,0,100,28,-1,1,1,1,3,0,5,5,13,2,0,0,2,0,0,2,0,0,2,0,0,2,0,0,2,0,0,2,0,0,2,0,0,2,0,0,2,12,6,2,12,6,2,12,6,2,12,6,0,19,5,25,-1,-1,0,0,-1,-1,0,0,8,6,0,2,4,0,0,0,6,0,85,90,12,10,8,120,129600,0,0,0,0,-1,0,0,0,0,1,1,1,0,0,0,-1,0,5,155,12,0,2,-1,Handy when you need to recover.,429,-1,-1,135266316
126,4,10,6,0,1,0,1,0,0,6,0,10,0,8,0,0,2,1,35,-1,0,-1,0,,,,-1,240,0,0,0,0,30,23,0,-3,7,1,3,0,0,3,13,2,0,0,2,0,0,2,0,0,2,0,0,2,0,0,2,0,0,2,4,2,2,0,0,2,8,2,2,8,2,2,8,2,2,8,2,2,8,2,0,22,5,25,-1,-1,0,0,-1,-1,0,0,8,6,0,1,0,1,0,0,6,0,80,14,65,10,8,120,129600,0,0,0,0,-1,0,0,0,0,2,2,1,0,0,0,-1,0,1,7,4,0,2,-1,Grants EXP when used.,430,-1,-1,135266316
127,4,10,6,0,1,0,1,0,0,6,0,10,0,8,0,0,2,1,610,-1,0,-1,0,,,,-1,240,0,0,0,0,0,0,-2,2,9,1,3,0,0,0,13,2,0,0,2,0,0,2,0,0,2,0,0,2,0,0,2,0,0,2,0,0,2,0,0,2,0,0,2,0,0,2,10,2,2,0,0,2,0,0,0,22,5,25,-1,-1,0,0,-1,-1,0,0,-1,6,0,0,0,0,0,0,6,0,15,14,12,10,8,120,129600,0,0,0,0,-1,0,0,0,0,1,1,1,0,0,0,-1,0,12,293,26,0,1,1,Produces seeds.,497,-1,-1,1048620
128,4,10,6,0,1,0,0,3,0,6,0,10,0,0,21,0,2,1,545,-1,0,-1,0,,,,-1,240,0,0,0,0,30,23,2,-1,11,1,3,0,0,3,13,2,0,0,2,0,0,2,0,0,2,3,4,2,20,4,2,0,0,2,0,0,2,0,0,2,0,0,2,0,0,2,0,0,2,0,0,2,0,0,0,14,5,25,-1,-1,0,0,-1,-1,0,0,8,6,0,1,0,0,3,0,6,0,80,14,12,70,8,120,129600,0,0,0,0,-1,0,0,0,0,2,2,1,0,0,0,-1,0,8,261,18,0,2,-1,Grants EXP when used.,432,-1,-1,135266316
129,5,10,6,0,2,0,0,0,0,6,0,20,0,0,0,0,2,1,50,-1,0,-1,0,,,,-1,0,0,0,0,0,0,0,0,0,0,1,3,0,0,0,13,2,0,0,2,0,0,2,0,0,2,0,0,2,0,0,2,0,0,2,0,0,2,0,0,2,0,0,2,0,0,2,0,0,2,0,0,2,0,0,-1,-1,0,0,-1,-1,0,0,-1,-1,0,0,-1,6,0,0,0,0,0,0,6,0,15,14,12,10,8,120,129600,0,0,0,0,-1,0,0,0,0,0,0,1,0,0,0,-1,0,2,13,6,0,1,-1,Room decoration.,-1,-1,-1,3145768
130,5,10,6,0,3,0,0,0,0,6,0,30,0,0,0,0,2,1,325,-1,0,-1,0,,,,-1,0,0,0,0,0,0,0,0,0,0,1,3,0,0,0,13,2,0,0,2,0,0,2,0,0,2,0,0,2,0,0,2,0,0,2,0,0,2,0,0,2,0,0,2,0,0,2,0,0,2,0,0,2,0,0,-1,-1,0,0,-1,-1,0,0,-1,-1,0,0,-1,6,0,0,0,0,0,0,6,0,15,14,12,10,8,120,129600,0,0,0,0,-1,0,0,0,0,0,0,1,0,0,0,-1,0,7,152,16,0,1,-1,Room decoration.,-1,-1,-1,3145768
131,5,10,6,0,4,0,0,0,0,6,0,40,0,0,0,0,2,1,750,-1,0,-1,0,,,,-1,0,0,0,0,0,0,0,0,0,0,1,3,0,0,0,13,2,0,0,2,0,0,2,0,0,2,0,0,2,0,0,2,0,0,2,0,0,2,0,0,2,0,0,2,0,0,2,0,0,2,0,0,2,0,0,-1,-1,0,0,-1,-1,0,0,-1,-1,0,0,-1,6,0,0,0,0,0,0,6,0,15,14,12,10,8,120,129600,0,0,0,0,-1,0,0,0,0,0,0,1,0,0,0,-1,0,11,489,24,0,1,-1,Room decoration.,-1,-1,-1,3145768
132,47,10,6,0,2,3,0,0,0,6,0,20,27,0,0,0,2,1,195,-1,0,-1,0,,,,-1,240,0,0,0,0,0,4,-2,0,9,1,3,0,0,0,13,2,0,0,2,0,0,2,0,0,2,10,5,2,0,0,2,5,5,2,5,5,2,0,0,2,0,0,2,0,0,2,0,0,2,0,0,2,0,0,0,13,5,25,-1,-1,0,0,-1,-1,0,0,8,6,0,2,3,0,0,0,6,0,85,85,12,10,8,120,129600,0,0,0,0,-1,0,0,0,0,3,3,1,0,0,0,-1,0,4,85,10,0,2,-1,Used for training to improve stats.,436,-1,-1,1048588
133,47,10,6,0,0,5,0,3,0,6,0,0,45,0,21,0,2,1,610,-1,0,-1,0,,,,-1,240,0,0,0,0,0,4,-2,0,9,1,3,0,0,0,13,2,0,0,2,0,0,2,0,0,2,5,8,2,0,0,2,0,0,2,20,8,2,0,0,2,0,0,2,0,0,2,0,0,2,0,0,2,0,0,0,16,5,25,-1,-1,0,0,-1,-1,0,0,8,6,0,0,5,0,3,0,6,0,15,95,12,70,8,120,129600,0,0,0,0,-1,0,0,0,0,3,3,1,0,0,0,-1,0,6,293,14,0,2,-1,Used for training to improve stats.,437,-1,-1,1048588
134,47,10,6,0,0,3,0,0,5,6,0,0,27,0,0,30,2,1,750,-1,0,-1,0,,,,-1,240,0,0,0,0,0,31,-2,0,9,1,3,0,0,0,13,2,0,0,2,20,8,2,0,0,2,0,0,2,0,0,2,0,0,2,0,0,2,0,0,2,12,8,2,12,8,2,0,0,2,0,0,2,0,0,0,18,5,25,-1,-1,0,0,-1,-1,0,0,8,6,0,0,3,0,0,5,6,0,15,85,12,10,70,120,129600,0,0,0,0,-1,0,0,0,0,3,3,1,0,0,0,-1,0,9,500,20,0,2,-1,Used for training to improve stats.,438,-1,-1,1048588
135,4,10,6,0,0,3,0,2,0,6,0,0,27,0,14,0,2,1,195,-1,0,-1,0,,,,-1,240,0,0,0,0,900,34,0,0,0,20,3,3,5,1,13,2,0,0,2,0,0,2,0,0,2,0,0,2,0,0,2,0,0,2,0,0,2,0,0,2,0,0,2,0,0,2,0,0,2,10,5,2,0,0,1,-1,5,25,-1,-1,0,0,-1,-1,0,0,8,6,0,0,3,0,2,0,6,0,15,85,12,65,8,120,129600,0,0,0,0,-1,0,0,0,0,3,3,1,0,0,0,-1,0,4,85,10,0,2,-1,Handy when you need to recover.,439,-1,-1,68157448
136,4,10,6,0,0,1,0,4,0,6,0,0,9,0,28,0,2,1,75,-1,0,-1,0,,,,-1,240,0,0,0,0,110,23,0,0,6,1,3,5,3,3,13,2,0,0,2,10,5,2,0,0,2,0,0,2,0,0,2,0,0,2,0,0,2,0,0,2,0,0,2,0,0,2,0,0,2,0,0,2,0,0,0,20,5,25,-1,-1,0,0,-1,-1,0,0,8,6,0,0,1,0,4,0,6,0,15,75,12,75,8,120,129600,0,0,0,0,-1,0,0,0,0,3,3,1,0,0,0,-1,0,2,25,6,0,1,20,Sometimes produces water.,440,-1,-1,135266316
137,4,10,6,0,0,3,0,1,0,6,0,0,27,0,7,0,2,1,750,-1,0,-1,0,,,,-1,240,0,0,0,0,80,23,-2,0,9,1,3,0,5,3,13,2,0,0,2,0,0,2,0,0,2,0,0,2,0,0,2,0,0,2,5,4,2,0,0,2,0,0,2,10,4,2,0,0,2,0,0,2,0,0,0,20,5,25,-1,-1,0,0,-1,-1,0,0,8,6,0,0,3,0,1,0,6,0,15,85,12,60,8,120,129600,0,0,0,0,-1,0,0,0,0,3,3,1,0,0,0,-1,0,11,489,24,0,1,10,Sometimes produces meals.,441,-1,-1,135266316
138,4,10,6,0,1,0,0,3,0,6,0,10,0,0,21,0,2,1,750,-1,0,-1,0,,,,-1,240,0,0,0,0,0,23,-2,2,9,1,3,0,0,0,13,2,0,0,2,0,0,2,0,0,2,0,0,2,0,0,2,0,0,2,0,0,2,0,0,2,10,4,2,0,0,2,0,0,2,0,0,2,0,0,0,18,5,25,-1,-1,0,0,-1,-1,0,0,-1,6,0,0,0,0,0,0,6,0,15,14,12,10,8,120,129600,0,0,0,0,-1,0,0,0,0,3,3,1,0,0,0,-1,0,16,500,34,0,1,2,Produces tools.,498,-1,-1,1048620
139,4,10,6,0,1,2,0,0,0,6,0,10,18,0,0,0,2,1,40,-1,0,-1,0,,,,-1,240,0,0,0,0,110,23,-2,0,11,1,3,0,3,8,13,2,0,0,2,0,0,2,0,0,2,0,0,2,0,0,2,0,0,2,0,0,2,0,0,2,0,0,2,0,0,2,0,0,2,0,0,2,10,3,0,12,5,25,-1,-1,0,0,-1,-1,0,0,8,6,0,1,2,0,0,0,6,0,80,80,12,10,8,120,129600,0,0,0,0,-1,0,0,0,0,3,3,1,0,0,0,-1,0,1,8,4,0,1,11,Sometimes produces meals.,443,-1,-1,135266316
140,4,10,6,0,0,2,0,4,0,6,0,0,18,0,28,0,2,1,335,-1,0,-1,0,,,,-1,240,0,0,0,0,450,34,0,6,-4,1,3,15,15,15,13,2,0,0,2,0,0,2,0,0,2,0,0,2,0,0,2,0,0,2,5,6,2,0,0,2,0,0,2,0,0,2,0,0,2,0,0,2,0,0,1,-1,5,25,-1,-1,0,0,-1,-1,0,0,8,6,0,0,2,0,4,0,6,0,15,80,12,75,8,120,129600,0,0,0,0,-1,0,0,0,0,3,3,1,0,0,0,-1,0,5,155,12,0,2,-1,Handy when you need to recover.,444,-1,-1,143654924
141,4,10,6,0,2,4,0,0,0,6,0,20,36,0,0,0,2,1,80,-1,0,-1,0,,,,-1,240,0,0,0,0,100,23,-2,0,11,1,3,0,5,5,13,2,0,0,2,0,0,2,0,0,2,0,0,2,0,0,2,0,0,2,0,0,2,0,0,2,0,0,2,0,0,2,0,0,2,0,0,2,10,6,0,12,5,25,-1,-1,0,0,-1,-1,0,0,8,6,0,2,4,0,0,0,6,0,85,90,12,10,8,120,129600,0,0,0,0,-1,0,0,0,0,3,3,1,0,0,0,-1,0,2,29,6,0,2,-1,Grants EXP when used.,445,-1,-1,135266316
142,88,10,6,0,0,2,0,4,0,6,0,0,18,0,28,0,2,1,335,-1,0,-1,0,,,,-1,240,0,0,0,0,90,36,-2,0,9,1,3,0,4,5,13,2,0,0,2,0,0,2,5,6,2,0,0,2,0,0,2,0,0,2,0,0,2,0,0,2,0,0,2,0,0,2,15,6,2,0,0,2,0,0,0,12,5,25,-1,-1,0,0,-1,-1,0,0,8,6,0,0,2,0,4,0,6,0,15,80,12,75,8,120,129600,0,0,0,0,-1,0,0,0,0,3,3,1,0,0,0,-1,0,5,155,12,0,1,11,Sometimes produces meals.,446,-1,-1,135266316
143,4,10,6,0,1,0,0,1,0,6,0,10,0,0,7,0,2,1,70,-1,0,-1,0,,,,-1,240,0,0,0,0,60,0,-2,0,11,1,3,3,3,0,13,2,0,0,2,0,0,2,0,0,2,0,0,2,0,0,2,0,0,2,0,0,2,0,0,2,0,0,2,0,0,2,0,0,2,10,2,2,0,0,0,16,5,25,-1,-1,0,0,-1,-1,0,0,-1,6,0,0,0,0,0,0,6,0,15,14,12,10,8,120,129600,0,0,0,0,-1,0,0,0,0,3,3,1,0,0,0,-1,0,3,23,8,0,2,-1,Grants EXP when used.,447,-1,-1,135266348
144,4,10,6,0,1,2,0,0,0,6,0,10,18,0,0,0,2,1,750,-1,0,-1,0,,,,-1,240,0,0,0,0,80,0,-2,0,11,1,3,0,5,3,13,2,0,0,2,0,0,2,0,0,2,0,0,2,0,0,2,10,3,2,0,0,2,0,0,2,0,0,2,0,0,2,10,3,2,0,0,2,0,0,0,18,5,25,-1,-1,0,0,-1,-1,0,0,-1,6,0,0,0,0,0,0,6,0,15,14,12,10,8,120,129600,0,0,0,0,-1,0,0,0,0,3,3,1,0,0,0,-1,0,13,500,28,0,2,-1,Grants EXP when used.,499,-1,-1,135266348
145,4,10,6,0,0,0,0,3,1,6,0,0,0,0,21,6,2,1,545,-1,0,-1,0,,,,-1,240,0,0,0,0,100,28,1,2,9,1,3,0,5,5,13,2,0,0,2,0,0,2,0,0,2,0,0,2,0,0,2,0,0,2,0,0,2,0,0,2,0,0,2,0,0,2,0,0,2,0,0,2,15,4,0,22,5,25,-1,-1,0,0,-1,-1,0,0,8,6,0,0,0,0,3,1,6,0,15,14,12,70,50,120,129600,0,0,0,0,-1,0,0,0,0,3,3,1,0,0,0,-1,0,8,261,18,0,2,-1,Grants EXP when used.,449,-1,-1,135266316
146,88,10,6,0,0,2,0,2,0,6,0,0,18,0,14,0,2,1,425,-1,0,-1,0,,,,-1,240,0,0,0,0,150,36,-2,0,11,1,3,5,5,5,13,2,0,0,2,0,0,2,0,0,2,0,0,2,0,0,2,0,0,2,0,0,2,0,0,2,0,0,2,10,4,2,0,0,2,0,0,2,10,4,0,12,5,25,-1,-1,0,0,-1,-1,0,0,8,6,0,0,2,0,2,0,6,0,15,80,12,65,8,120,129600,0,0,0,0,-1,0,0,0,0,3,3,1,0,0,0,-1,0,7,201,16,0,1,11,Sometimes produces meals.,450,-1,-1,135266316
147,4,10,6,0,0,3,0,0,0,6,0,0,27,0,0,0,2,1,85,-1,0,-1,0,,,,-1,240,0,0,0,0,80,23,-2,0,11,1,3,0,5,3,13,2,0,0,2,0,0,2,0,0,2,0,0,2,0,0,2,0,0,2,0,0,2,0,0,2,0,0,2,0,0,2,15,3,2,0,0,2,0,0,0,19,5,25,-1,-1,0,0,-1,-1,0,0,8,6,0,0,3,0,0,0,6,0,15,85,12,10,8,120,129600,0,0,0,0,-1,0,0,0,0,3,3,1,0,0,0,-1,0,3,32,8,0,2,-1,Grants EXP when used.,451,-1,-1,135266316
148,4,10,6,0,0,3,0,0,0,6,0,0,27,0,0,0,2,1,40,-1,0,-1,0,,,,-1,240,0,0,0,0,80,28,-1,2,9,1,3,0,3,5,13,2,0,0,2,0,0,2,0,0,2,0,0,2,0,0,2,0,0,2,0,0,2,0,0,2,0,0,2,0,0,2,0,0,2,15,3,2,0,0,0,18,5,25,-1,-1,0,0,-1,-1,0,0,8,6,0,0,3,0,0,0,6,0,15,85,12,10,8,120,129600,0,0,0,0,-1,0,0,0,0,3,3,1,0,0,0,-1,0,1,8,4,0,1,1,Grants EXP when used.,452,-1,-1,135266316
149,4,10,6,0,0,2,0,2,0,6,0,0,18,0,14,0,2,1,680,-1,0,-1,0,,,,-1,240,0,0,0,0,200,23,-2,0,9,1,3,5,10,5,13,2,0,0,2,0,0,2,10,4,2,0,0,2,0,0,2,0,0,2,0,0,2,0,0,2,0,0,2,0,0,2,0,0,2,0,0,2,0,0,0,15,5,25,-1,-1,0,0,-1,-1,0,0,-1,6,0,0,0,0,0,0,6,0,15,14,12,10,8,120,129600,0,0,0,0,-1,0,0,0,0,3,3,1,0,0,0,-1,0,9,329,20,0,2,-1,Grants EXP when used.,-1,-1,-1,135266348
150,4,10,6,0,1,2,0,0,0,6,0,10,18,0,0,0,2,1,130,-1,0,-1,0,,,,-1,240,0,0,0,0,80,23,-2,0,11,1,3,0,5,3,13,2,0,0,2,5,3,2,0,0,2,0,0,2,0,0,2,0,0,2,0,0,2,0,0,2,15,3,2,10,3,2,0,0,2,0,0,2,0,0,0,18,5,25,-1,-1,0,0,-1,-1,0,0,8,6,0,1,2,0,0,0,6,0,80,80,12,10,8,120,129600,0,0,0,0,-1,0,0,0,0,3,3,1,0,0,0,-1,0,4,53,10,0,2,-1,Grants EXP when used.,454,-1,-1,135266316
151,4,10,6,0,1,2,0,0,0,6,0,10,18,0,0,0,2,1,185,-1,0,-1,0,,,,-1,240,0,0,0,0,80,23,-2,0,11,1,3,5,0,3,13,2,0,0,2,0,0,2,0,0,2,0,0,2,0,0,2,0,0,2,0,0,2,0,0,2,0,0,2,0,0,2,0,0,2,0,0,2,20,3,0,14,5,25,-1,-1,0,0,-1,-1,0,0,8,6,0,1,2,0,0,0,6,0,80,80,12,10,8,120,129600,0,0,0,0,-1,0,0,0,0,3,3,1,0,0,0,-1,0,5,80,12,0,2,-1,Grants EXP when used.,455,-1,-1,135266316
152,4,10,6,0,0,1,0,3,0,6,0,0,9,0,21,0,2,1,750,-1,0,-1,0,,,,-1,240,0,0,0,0,0,23,-2,2,9,1,3,0,0,0,13,2,0,0,2,0,0,2,0,0,2,0,0,2,0,0,2,0,0,2,0,0,2,0,0,2,10,4,2,10,4,2,10,4,2,0,0,2,0,0,0,14,5,25,-1,-1,0,0,-1,-1,0,0,-1,6,0,0,0,0,0,0,6,0,15,14,12,10,8,120,129600,0,0,0,0,-1,0,0,0,0,3,3,1,0,0,0,-1,0,23,500,48,0,1,3,Produces ore.,456,-1,-1,1048620
153,4,10,6,0,1,3,0,0,0,6,0,10,27,0,0,0,2,1,65,-1,0,-1,0,,,,-1,240,0,0,0,0,30,28,-2,0,9,1,3,0,0,3,13,2,0,0,2,0,0,2,0,0,2,0,0,2,0,0,2,0,0,2,0,0,2,0,0,2,25,4,2,0,0,2,0,0,2,0,0,2,0,0,0,18,5,25,-1,-1,0,0,-1,-1,0,0,8,6,0,1,3,0,0,0,6,0,80,85,12,10,8,120,129600,0,0,0,0,-1,0,0,0,0,3,3,1,0,0,0,-1,0,2,21,6,0,1,2,Grants EXP when used.,457,-1,-1,135266316
154,29,10,6,0,3,3,0,0,0,6,0,30,27,0,0,0,2,1,1,-1,0,-1,0,,,,-1,240,0,0,0,0,30000,6,0,0,0,1,3,100,100,100,13,2,0,0,2,0,0,2,0,0,2,0,0,2,0,0,2,0,0,2,0,0,2,0,0,2,0,0,2,0,0,2,0,0,2,0,0,2,0,0,0,16,5,25,-1,-1,0,0,-1,-1,0,0,-1,6,0,0,0,0,0,0,6,0,15,14,12,10,8,120,129600,0,0,0,0,-1,0,0,0,0,0,0,1,0,0,0,-1,0,0,0,0,0,1,-1,A place for your friends to stay.,458,-1,-1,1573152
155,29,10,6,0,2,2,0,0,0,6,0,20,18,0,0,0,2,1,1,-1,0,-1,0,,,,-1,240,0,0,0,0,30000,6,0,0,0,1,3,100,100,100,13,2,0,0,2,0,0,2,0,0,2,0,0,2,0,0,2,0,0,2,0,0,2,0,0,2,0,0,2,0,0,2,0,0,2,0,0,2,0,0,0,12,5,25,-1,-1,0,0,-1,-1,0,0,-1,6,0,0,0,0,0,0,6,0,15,14,12,10,8,120,129600,0,0,0,0,-1,0,0,0,0,0,0,1,0,0,0,-1,0,0,0,0,0,1,-1,A place for visiting adventurers to stay.,459,-1,-1,1311008
156,106,10,6,0,1,10,0,0,0,6,0,10,90,0,0,0,2,1,1,-1,0,-1,0,,,,-1,240,0,0,0,0,0,0,0,0,0,1,3,0,0,0,13,2,0,0,2,0,0,2,0,0,2,0,0,2,0,0,2,0,0,2,0,0,2,0,0,2,0,0,2,0,0,2,0,0,2,0,0,2,0,0,-1,-1,0,0,-1,-1,0,0,-1,-1,0,0,-1,6,0,0,0,0,0,0,6,0,15,14,12,10,8,120,129600,0,0,0,0,-1,0,0,0,0,0,0,1,0,0,0,-1,0,0,0,0,0,1,-1,Perfect for a new baby.,460,-1,-1,3145761
157,83,10,6,0,8,8,0,0,0,6,0,80,72,0,0,0,2,1,1,-1,0,-1,0,,,,-1,240,0,0,0,0,20000,0,0,0,0,1,3,100,100,0,13,2,0,0,2,0,0,2,0,0,2,0,0,2,0,0,2,0,0,2,0,0,2,0,0,2,0,0,2,0,0,2,0,0,2,0,0,2,0,0,0,13,5,25,-1,-1,0,0,-1,-1,0,0,-1,6,0,0,0,0,0,0,6,0,15,14,12,10,8,120,129600,0,0,0,0,-1,0,0,0,0,10,10,1,0,0,0,-1,0,0,0,0,0,1,-1,Used during conquests with Household Heads.,461,-1,-1,3342368
158,56,10,6,0,0,5,0,3,0,6,0,0,45,0,21,0,2,1,1,-1,0,-1,0,,,,-1,240,0,0,0,0,0,0,-3,-4,-5,1,3,0,0,0,13,2,0,0,2,0,0,2,0,0,2,0,0,2,0,0,2,0,0,2,0,0,2,0,0,2,0,0,2,0,0,2,0,0,2,0,0,2,0,0,-1,-1,0,0,-1,-1,0,0,-1,-1,0,0,9,6,0,0,0,0,0,0,6,0,15,14,12,10,8,120,129600,0,0,0,0,-1,0,0,0,0,0,0,1,0,0,0,82,1,0,0,0,0,1,5,Handy when residents reach the end of their lifespan.,462,-1,-1,3145760
159,38,10,6,0,0,0,0,2,5,6,0,0,0,0,14,30,2,1,1,-1,0,-1,0,,,,-1,720,5,500,0,0,0,0,0,0,0,1,3,0,0,0,13,2,0,0,2,0,0,2,0,0,2,0,0,2,0,0,2,0,0,2,0,0,2,0,0,2,0,0,2,0,0,2,0,0,2,0,0,2,0,0,-1,-1,0,0,-1,-1,0,0,-1,-1,0,0,7,6,0,0,0,0,2,5,6,0,15,14,12,65,70,120,129600,0,0,0,0,-1,0,0,0,0,0,0,1,0,0,0,-1,0,0,0,0,0,1,-1,It's wild and untamed.,-1,-1,-1,3145728
160,45,10,6,0,0,5,0,0,6,6,0,0,45,0,0,36,2,1,1,-1,0,-1,0,,,,-1,720,5,500,0,0,0,0,0,0,0,1,3,0,0,0,13,2,0,0,2,0,0,2,0,0,2,0,0,2,0,0,2,0,0,2,0,0,2,0,0,2,0,0,2,0,0,2,0,0,2,0,0,2,0,0,-1,-1,0,0,-1,-1,0,0,-1,-1,0,0,-1,6,0,0,0,0,0,0,6,0,15,14,12,10,8,120,129600,0,0,0,0,-1,0,0,0,0,0,0,1,0,0,0,-1,0,0,0,0,0,1,-1,Rents out dragons to ride.,464,-1,2,3145760
161,38,10,6,0,5,0,5,0,0,6,0,50,0,40,0,0,2,1,1,-1,0,-1,0,,,,-1,720,50,500,0,0,0,0,0,0,0,1,3,0,0,0,13,2,0,0,2,0,0,2,0,0,2,0,0,2,0,0,2,0,0,2,0,0,2,0,0,2,0,0,2,0,0,2,0,0,2,0,0,2,0,0,3,-1,5,25,-1,-1,0,0,-1,-1,0,0,7,6,0,5,0,5,0,0,6,0,100,14,85,10,8,120,129600,0,0,0,0,-1,0,0,0,0,0,0,1,0,0,0,-1,0,0,0,0,500,1,-1,Traps attacking monsters.,465,-1,-1,0
162,84,10,6,0,2,2,0,0,0,6,0,20,18,0,0,0,2,1,1,-1,0,-1,0,,,,-1,720,5,500,0,0,20000,0,0,0,0,1,3,100,100,0,13,2,0,0,2,0,0,2,0,0,2,0,0,2,0,0,2,0,0,2,0,0,2,0,0,2,0,0,2,0,0,2,0,0,2,0,0,2,0,0,-1,-1,0,0,-1,-1,0,0,-1,-1,0,0,-1,6,0,0,0,0,0,0,6,0,15,14,12,10,8,120,129600,0,0,0,0,-1,0,0,0,0,10,10,1,0,0,0,-1,0,0,0,0,0,1,-1,Damages attacking monsters.,466,-1,-1,3342368
163,38,10,6,0,0,2,4,0,0,6,0,0,18,32,0,0,2,1,1,-1,0,-1,0,,,,-1,480,5,500,0,0,0,0,0,0,0,1,3,0,0,0,13,2,0,0,2,0,0,2,0,0,2,0,0,2,0,0,2,0,0,2,0,0,2,0,0,2,0,0,2,0,0,2,0,0,2,0,0,2,0,0,-1,-1,0,0,-1,-1,0,0,-1,-1,0,0,-1,6,0,0,0,0,0,0,6,0,15,14,12,10,8,120,129600,0,0,0,0,-1,0,0,0,0,0,0,1,0,0,0,-1,0,0,0,0,0,1,-1,It's wild and untamed.,-1,-1,-1,3145760
164,38,10,6,0,0,2,3,0,0,6,0,0,18,24,0,0,2,1,1,-1,0,-1,0,,,,-1,480,5,500,0,0,1800,34,0,0,0,20,3,6,6,6,13,2,0,0,2,0,0,2,0,0,2,0,0,2,0,0,2,0,0,2,0,0,2,0,0,2,0,0,2,0,0,2,0,0,2,0,0,2,0,0,-1,-1,0,0,-1,-1,0,0,-1,-1,0,0,-1,6,0,0,0,0,0,0,6,0,15,14,12,10,8,120,129600,0,0,0,0,-1,0,0,0,0,0,0,1,0,0,0,-1,0,0,0,0,0,1,-1,Helps allies recover while out on quests.,468,-1,-1,1048608
165,73,10,6,0,1,0,0,0,0,6,0,1,0,0,0,0,2,1,1,-1,0,-1,0,,,,-1,480,5,500,0,0,0,0,0,0,0,1,3,0,0,0,13,2,0,0,2,0,0,2,0,0,2,0,0,2,0,0,2,0,0,2,0,0,2,0,0,2,0,0,2,0,0,2,0,0,2,0,0,2,0,0,-1,-1,0,0,-1,-1,0,0,-1,-1,0,0,-1,6,0,0,0,0,0,0,6,0,15,14,12,10,8,120,129600,0,0,0,0,-1,0,0,0,0,0,0,1,0,0,0,-1,0,0,0,0,0,1,-1,Used to upgrade equipment.,469,-1,-1,36700192
166,68,10,6,0,1,0,0,0,0,6,0,1,0,0,0,0,2,1,1,-1,0,-1,0,,,,-1,480,5,500,0,0,0,0,0,0,0,1,3,0,0,0,13,2,0,0,2,0,0,2,0,0,2,0,0,2,0,0,2,0,0,2,0,0,2,0,0,2,0,0,2,0,0,2,0,0,2,0,0,2,0,0,-1,-1,0,0,-1,-1,0,0,-1,-1,0,0,-1,6,0,0,0,0,0,0,6,0,15,14,12,10,8,120,129600,0,0,0,0,-1,0,0,0,0,0,0,1,0,0,0,-1,0,0,0,0,0,1,-1,Used to manage Friends.,470,-1,-1,36700192
167,72,10,6,0,1,0,0,0,0,6,0,1,0,0,0,0,2,1,1,-1,0,-1,0,,,,-1,480,5,500,0,0,0,0,0,0,0,1,3,0,0,0,13,2,0,0,2,0,0,2,0,0,2,0,0,2,0,0,2,0,0,2,0,0,2,0,0,2,0,0,2,0,0,2,0,0,2,0,0,2,0,0,-1,-1,0,0,-1,-1,0,0,-1,-1,0,0,-1,6,0,0,0,0,0,0,6,0,15,14,12,10,8,120,129600,0,0,0,0,-1,0,0,0,0,0,0,1,0,0,0,-1,0,0,0,0,0,1,-1,Used to manage Missions.,471,-1,-1,36700192
168,74,10,6,0,1,0,0,0,0,6,0,1,0,0,0,0,2,1,1,-1,0,-1,0,,,,-1,480,5,500,0,0,0,0,0,0,0,1,3,0,0,0,13,2,0,0,2,0,0,2,0,0,2,0,0,2,0,0,2,0,0,2,0,0,2,0,0,2,0,0,2,0,0,2,0,0,2,0,0,2,0,0,-1,-1,0,0,-1,-1,0,0,-1,-1,0,0,-1,6,0,0,0,0,0,0,6,0,15,14,12,10,8,120,129600,0,0,0,0,-1,0,0,0,0,0,0,1,0,0,0,-1,0,0,0,0,0,1,-1,A place to team up with Friends.,472,-1,-1,36700192
169,67,10,6,0,1,0,0,0,0,6,0,1,0,0,0,0,2,1,1,-1,0,-1,0,,,,-1,480,5,500,0,0,0,0,0,0,0,1,3,0,0,0,13,2,0,0,2,0,0,2,0,0,2,0,0,2,0,0,2,0,0,2,0,0,2,0,0,2,0,0,2,0,0,2,0,0,2,0,0,2,0,0,-1,-1,0,0,-1,-1,0,0,-1,-1,0,0,-1,6,0,0,0,0,0,0,6,0,15,14,12,10,8,120,129600,0,0,0,0,-1,0,0,0,0,0,0,1,0,0,0,-1,0,0,0,0,0,1,-1,A place to buy treasure.,473,-1,-1,36700192
170,82,10,6,0,1,0,0,0,0,6,0,1,0,0,0,0,2,1,1,-1,0,-1,0,,,,-1,480,5,500,0,0,0,0,0,0,0,1,3,0,0,0,13,2,0,0,2,0,0,2,0,0,2,0,0,2,0,0,2,0,0,2,0,0,2,0,0,2,0,0,2,0,0,2,0,0,2,0,0,2,0,0,-1,-1,0,0,-1,-1,0,0,-1,-1,0,0,-1,6,0,0,0,0,0,0,6,0,15,14,12,10,8,120,129600,0,0,0,0,-1,0,0,0,0,0,0,1,0,0,0,-1,0,0,0,0,0,1,-1,Used to manage Monsters.,474,-1,-1,36700192
171,71,10,6,0,1,0,0,0,0,6,0,1,0,0,0,0,2,1,1,-1,0,-1,0,,,,-1,480,5,500,0,0,0,0,0,0,0,1,3,0,0,0,13,2,0,0,2,0,0,2,0,0,2,0,0,2,0,0,2,0,0,2,0,0,2,0,0,2,0,0,2,0,0,2,0,0,2,0,0,2,0,0,-1,-1,0,0,-1,-1,0,0,-1,-1,0,0,-1,6,0,0,0,0,0,0,6,0,15,14,12,10,8,120,129600,0,0,0,0,-1,0,0,0,0,0,0,1,0,0,0,-1,0,0,0,0,0,1,-1,A place to get trophies.,475,-1,-1,36700192
172,70,10,6,0,1,0,0,0,0,6,0,1,0,0,0,0,2,1,1,-1,0,-1,0,,,,-1,480,5,500,0,0,0,0,0,0,0,1,3,0,0,0,13,2,0,0,2,0,0,2,0,0,2,0,0,2,0,0,2,0,0,2,0,0,2,0,0,2,0,0,2,0,0,2,0,0,2,0,0,2,0,0,-1,-1,0,0,-1,-1,0,0,-1,-1,0,0,-1,6,0,0,0,0,0,0,6,0,15,14,12,10,8,120,129600,0,0,0,0,-1,0,0,0,0,0,0,1,0,0,0,-1,0,0,0,0,0,1,-1,A place to check the daily rankings.,476,-1,-1,36700192
173,77,10,6,0,1,0,0,0,0,6,0,1,0,0,0,0,2,1,1,-1,0,-1,0,,,,-1,480,5,500,0,0,0,0,0,0,0,1,3,0,0,0,13,2,0,0,2,0,0,2,0,0,2,0,0,2,0,0,2,0,0,2,0,0,2,0,0,2,0,0,2,0,0,2,0,0,2,0,0,2,0,0,-1,-1,0,0,-1,-1,0,0,-1,-1,0,0,-1,6,0,0,0,0,0,0,6,0,15,14,12,10,8,120,129600,0,0,0,0,-1,0,0,0,0,0,0,1,0,0,0,-1,0,0,0,0,0,1,-1,Used to view Suggested Friends.,484,-1,-1,36700192
174,75,10,6,0,1,0,0,0,0,6,0,1,0,0,0,0,2,1,1,-1,0,-1,0,,,,-1,480,5,500,0,0,0,0,0,0,0,1,3,0,0,0,13,2,0,0,2,0,0,2,0,0,2,0,0,2,0,0,2,0,0,2,0,0,2,0,0,2,0,0,2,0,0,2,0,0,2,0,0,2,0,0,-1,-1,0,0,-1,-1,0,0,-1,-1,0,0,-1,6,0,0,0,0,0,0,6,0,15,14,12,10,8,120,129600,0,0,0,0,-1,0,0,0,0,0,0,1,0,0,0,-1,0,0,0,0,0,1,-1,Used to purchase jobs up to Rank A.,485,-1,-1,36700192
175,76,10,6,0,1,0,0,0,0,6,0,1,0,0,0,0,2,1,1,-1,0,-1,0,,,,-1,480,5,500,0,0,0,0,0,0,0,1,3,0,0,0,13,2,0,0,2,0,0,2,0,0,2,0,0,2,0,0,2,0,0,2,0,0,2,0,0,2,0,0,2,0,0,2,0,0,2,0,0,2,0,0,-1,-1,0,0,-1,-1,0,0,-1,-1,0,0,-1,6,0,0,0,0,0,0,6,0,15,14,12,10,8,120,129600,0,0,0,0,-1,0,0,0,0,0,0,1,0,0,0,-1,0,0,0,0,0,1,-1,Used to purchase materials.,486,-1,-1,36700192
176,85,10,6,0,1,0,0,0,0,6,0,1,0,0,0,0,2,1,1,-1,0,-1,0,,,,-1,480,5,500,0,0,0,0,0,0,0,1,3,0,0,0,13,2,0,0,2,0,0,2,0,0,2,0,0,2,0,0,2,0,0,2,0,0,2,0,0,2,0,0,2,0,0,2,0,0,2,0,0,2,0,0,-1,-1,0,0,-1,-1,0,0,-1,-1,0,0,-1,6,0,0,0,0,0,0,6,0,15,14,12,10,8,120,129600,0,0,0,0,-1,0,0,0,0,0,0,1,0,0,0,-1,0,0,0,0,0,1,-1,A place to trade Gold Coins for goods.,487,-1,-1,36700192
177,81,10,6,0,1,0,0,0,0,6,0,1,0,0,0,0,2,1,1,-1,0,-1,0,,,,-1,480,5,500,0,0,0,0,0,0,0,1,3,0,0,0,13,2,0,0,2,0,0,2,0,0,2,0,0,2,0,0,2,0,0,2,0,0,2,0,0,2,0,0,2,0,0,2,0,0,2,0,0,2,0,0,-1,-1,0,0,-1,-1,0,0,-1,-1,0,0,-1,6,0,0,0,0,0,0,6,0,15,14,12,10,8,120,129600,0,0,0,0,-1,0,0,0,0,0,0,1,0,0,0,-1,0,0,0,0,0,1,-1,Helps allies become instructors.,488,-1,-1,36700192
178,86,10,6,0,1,0,0,0,0,6,0,1,0,0,0,0,2,1,1,-1,0,-1,0,,,,-1,480,5,500,0,0,0,0,0,0,0,1,3,0,0,0,13,2,0,0,2,0,0,2,0,0,2,0,0,2,0,0,2,0,0,2,0,0,2,0,0,2,0,0,2,0,0,2,0,0,2,0,0,2,0,0,-1,-1,0,0,-1,-1,0,0,-1,-1,0,0,-1,6,0,0,0,0,0,0,6,0,15,14,12,10,8,120,129600,0,0,0,0,-1,0,0,0,0,0,0,1,0,0,0,-1,0,0,0,0,0,1,-1,Used to fuse Monsters.,491,-1,-1,36700192
179,87,10,6,0,1,0,0,0,0,6,0,1,0,0,0,0,2,1,1,-1,0,-1,0,,,,-1,480,5,500,0,0,0,0,0,0,0,1,3,0,0,0,13,2,0,0,2,0,0,2,0,0,2,0,0,2,0,0,2,0,0,2,0,0,2,0,0,2,0,0,2,0,0,2,0,0,2,0,0,2,0,0,-1,-1,0,0,-1,-1,0,0,-1,-1,0,0,-1,6,0,0,0,0,0,0,6,0,15,14,12,10,8,120,129600,0,0,0,0,-1,0,0,0,0,0,0,1,0,0,0,-1,0,0,0,0,0,1,-1,Used to sell Monsters.,492,-1,-1,36700192
180,66,10,6,0,1,0,0,0,0,6,0,1,0,0,0,0,2,1,1,-1,0,-1,0,,,,-1,480,5,500,0,0,0,0,0,0,0,1,3,0,0,0,13,2,0,0,2,0,0,2,0,0,2,0,0,2,0,0,2,0,0,2,0,0,2,0,0,2,0,0,2,0,0,2,0,0,2,0,0,2,0,0,-1,-1,0,0,-1,-1,0,0,-1,-1,0,0,-1,6,0,0,0,0,0,0,6,0,15,14,12,10,8,120,129600,0,0,0,0,-1,0,0,0,0,0,0,1,0,0,0,-1,0,0,0,0,0,1,-1,A place to challenge Kairobot.,493,-1,-1,36700192
181,80,10,6,0,1,0,0,0,0,6,0,1,0,0,0,0,2,1,1,-1,0,-1,0,,,,-1,480,5,500,0,0,0,0,0,0,0,1,3,0,0,0,13,2,0,0,2,0,0,2,0,0,2,0,0,2,0,0,2,0,0,2,0,0,2,0,0,2,0,0,2,0,0,2,0,0,2,0,0,2,0,0,-1,-1,0,0,-1,-1,0,0,-1,-1,0,0,-1,6,0,0,0,0,0,0,6,0,15,14,12,10,8,120,129600,0,0,0,0,-1,0,0,0,0,0,0,1,0,0,0,-1,0,0,0,0,0,1,-1,A place to challenge other players.,489,-1,-1,36700192
182,4,10,6,0,0,1,0,3,0,6,0,0,9,0,21,0,2,1,750,-1,0,-1,0,,,,-1,480,0,0,0,0,100,0,-2,0,9,1,3,5,0,5,13,2,3,4,2,10,3,2,0,0,2,0,0,2,0,0,2,0,0,2,0,0,2,0,0,2,15,4,2,15,4,2,0,0,2,0,0,2,0,0,1,-1,5,25,-1,-1,0,0,-1,-1,0,0,-1,6,0,0,0,0,0,0,6,0,15,14,12,10,8,120,129600,0,0,0,0,-1,0,0,0,0,3,3,1,0,0,0,75,1,12,500,26,0,2,-1,One of the great rulers of antiquity.,477,-1,-1,135266348
183,79,10,6,0,0,2,0,0,2,6,0,0,18,0,0,12,2,1,1,12,0,-1,0,,,,-1,960,30,500,0,0,0,0,0,0,0,1,3,0,0,0,13,2,0,0,2,0,0,2,0,0,2,0,0,2,0,0,2,0,0,2,0,0,2,0,0,2,0,0,2,0,0,2,0,0,2,0,0,2,0,0,3,-1,5,25,-1,-1,0,0,-1,-1,0,0,7,6,0,0,2,0,0,2,6,0,15,80,12,10,55,120,129600,0,0,0,0,-1,0,0,0,0,0,0,1,0,0,0,-1,0,0,0,0,50,1,-1,Used to store Copper Coins.,478,-1,-1,0
184,79,10,6,0,0,4,0,0,4,6,0,0,36,0,0,24,2,1,1,13,0,-1,0,,,,-1,960,30,500,0,0,0,0,0,0,0,1,3,0,0,0,13,2,0,0,2,0,0,2,0,0,2,0,0,2,0,0,2,0,0,2,0,0,2,0,0,2,0,0,2,0,0,2,0,0,2,0,0,2,0,0,3,-1,5,25,-1,-1,0,0,-1,-1,0,0,7,6,0,0,4,0,0,4,6,0,15,90,12,10,65,120,129600,0,0,0,0,-1,0,0,0,0,0,0,1,0,0,0,-1,0,0,0,0,50,1,-1,Used to store Silver Coins.,479,-1,-1,0
185,79,10,6,0,0,6,0,0,6,6,0,0,54,0,0,36,2,1,1,14,0,-1,0,,,,-1,960,30,500,0,0,0,0,0,0,0,1,3,0,0,0,13,2,0,0,2,0,0,2,0,0,2,0,0,2,0,0,2,0,0,2,0,0,2,0,0,2,0,0,2,0,0,2,0,0,2,0,0,2,0,0,3,-1,5,25,-1,-1,0,0,-1,-1,0,0,7,6,0,0,6,0,0,6,6,0,15,100,12,10,75,120,129600,0,0,0,0,-1,0,0,0,0,0,0,1,0,0,0,-1,0,0,0,0,50,1,-1,Used to store Gold Coins.,480,-1,-1,0
186,38,10,6,0,0,1,0,0,3,6,0,0,9,0,0,18,2,1,1,-1,0,-1,0,,,,-1,960,50,500,0,0,450,23,0,0,-11,1,3,15,15,15,13,2,10,4,2,10,4,2,10,4,2,10,4,2,10,4,2,10,4,2,10,4,2,0,0,2,15,4,2,15,4,2,15,4,2,15,4,2,15,4,0,18,5,25,-1,-1,0,0,-1,-1,0,0,7,6,0,0,1,0,0,3,6,0,15,75,12,10,60,120,129600,0,0,0,0,-1,0,0,0,0,0,0,1,0,0,0,-1,0,0,0,0,300,2,-1,A majestic bronze statue.,481,-1,-1,142606340
187,17,10,6,0,0,0,0,0,0,6,0,0,0,0,0,0,2,1,1,8,0,-1,0,,,,-1,1,15,500,0,0,0,0,0,0,0,1,3,0,0,0,13,2,0,0,2,0,0,2,0,0,2,0,0,2,0,0,2,0,0,2,0,0,2,0,0,2,0,0,2,0,0,2,0,0,2,0,0,2,0,0,-1,-1,0,0,-1,-1,0,0,-1,-1,0,0,-1,6,0,0,0,0,0,0,6,0,15,14,12,10,8,120,129600,0,0,0,0,-1,0,0,0,0,0,0,1,0,0,0,-1,0,0,0,0,50,1,-1,Used to store treasure.,482,-1,-1,33554464
188,17,10,6,0,0,0,0,0,0,6,0,0,0,0,0,0,2,1,1,9,0,-1,0,,,,-1,1,15,500,0,0,0,0,0,0,0,1,3,0,0,0,13,2,0,0,2,0,0,2,0,0,2,0,0,2,0,0,2,0,0,2,0,0,2,0,0,2,0,0,2,0,0,2,0,0,2,0,0,2,0,0,-1,-1,0,0,-1,-1,0,0,-1,-1,0,0,-1,6,0,0,0,0,0,0,6,0,15,14,12,10,8,120,129600,0,0,0,0,-1,0,0,0,0,0,0,1,0,0,0,-1,0,0,0,0,50,1,-1,Used to store items.,-1,-1,-1,33554464
189,105,10,6,0,0,0,0,20,20,6,0,0,0,0,20,20,2,1,1,-1,0,-1,0,,,,-1,480,5,500,0,0,0,0,0,0,0,1,3,0,0,0,13,2,0,0,2,0,0,2,0,0,2,0,0,2,0,0,2,0,0,2,0,0,2,0,0,2,0,0,2,0,0,2,0,0,2,0,0,2,0,0,-1,-1,0,0,-1,-1,0,0,-1,-1,0,0,-1,6,0,0,0,0,0,0,6,0,15,14,12,10,8,120,129600,0,0,0,0,-1,0,0,0,0,0,0,1,0,0,0,-1,0,0,0,0,0,1,-1,Used to care for the town's children.,573,-1,-1,36700192
190,66,10,6,0,1,0,0,0,0,6,0,1,0,0,0,0,2,1,1,-1,0,-1,0,,,,-1,480,5,500,0,0,0,0,0,0,0,1,3,0,0,0,13,2,0,0,2,0,0,2,0,0,2,0,0,2,0,0,2,0,0,2,0,0,2,0,0,2,0,0,2,0,0,2,0,0,2,0,0,2,0,0,-1,-1,0,0,-1,-1,0,0,-1,-1,0,0,-1,6,0,0,0,0,0,0,6,0,15,14,12,10,8,120,129600,0,0,0,0,-1,0,0,0,0,0,0,1,0,0,0,-1,0,0,0,0,0,1,-1,It's wild and untamed.,-1,-1,-1,36700192
191,99,10,6,0,0,0,0,5,8,6,0,0,0,0,35,48,2,1,1,-1,0,-1,0,,,,-1,480,5,500,0,0,0,0,0,0,0,1,3,0,0,0,13,2,0,0,2,0,0,2,0,0,2,0,0,2,0,0,2,0,0,2,0,0,2,0,0,2,0,0,2,0,0,2,0,0,2,0,0,2,0,0,-1,-1,0,0,-1,-1,0,0,-1,-1,0,0,-1,6,0,0,0,0,0,0,6,0,15,14,12,10,8,120,129600,20,20,0,0,-1,0,0,0,0,0,0,1,0,0,0,109,1,0,0,0,0,1,-1,Place outside town to attract monsters at night.,515,-1,-1,36700256
192,61,10,6,0,3,0,2,0,0,6,0,30,0,16,0,0,2,1,1,-1,0,-1,0,,,,-1,720,5,500,0,0,0,0,0,0,0,1,3,0,0,0,13,2,0,0,2,0,0,2,0,0,2,0,0,2,0,0,2,0,0,2,0,0,2,0,0,2,0,0,2,0,0,2,0,0,2,0,0,2,0,0,-1,-1,0,0,-1,-1,0,0,-1,-1,0,0,7,6,0,0,0,0,0,0,6,0,15,14,12,10,8,120,129600,0,0,0,0,-1,0,0,0,0,0,0,1,0,5,99,128,1,0,0,0,800,1,-1,Lures away attacking monsters.,494,-1,-1,1048608
193,31,10,6,0,1,4,0,0,0,6,0,10,36,0,0,0,2,1,1,-1,0,-1,0,,,,-1,240,5,50,0,0,0,0,0,0,0,1,3,0,0,0,13,2,0,0,2,0,0,2,0,0,2,0,0,2,0,0,2,0,0,2,0,0,2,0,0,2,0,0,2,0,0,2,0,0,2,0,0,2,0,0,-1,-1,0,0,-1,-1,0,0,-1,-1,0,0,-1,6,0,0,0,0,0,0,6,0,15,14,12,10,8,120,129600,0,0,0,0,-1,0,0,0,0,0,0,1,0,0,0,-1,0,0,0,0,0,1,-1,Displays goods for visitors and allies.,490,-1,-1,3145761
194,17,10,6,0,2,0,0,0,0,6,0,20,0,0,0,0,2,1,1,10,0,-1,0,,,,50,1440,15,500,0,0,0,0,0,0,0,1,3,0,0,0,13,2,0,0,2,0,0,2,0,0,2,0,0,2,0,0,2,0,0,2,0,0,2,0,0,2,0,0,2,0,0,2,0,0,2,0,0,2,0,0,-1,-1,0,0,-1,-1,0,0,-1,-1,0,0,5,6,0,2,0,0,0,0,6,0,85,14,12,10,8,120,129600,0,0,0,0,-1,0,0,0,0,0,0,1,0,0,0,-1,0,0,0,0,80,1,-1,A place to store eggs.,495,-1,-1,0
195,92,10,6,0,1,0,0,0,0,6,0,1,0,0,0,0,2,1,1,-1,0,-1,0,,,,-1,480,5,500,0,0,0,0,0,0,0,1,3,0,0,0,13,2,0,0,2,0,0,2,0,0,2,0,0,2,0,0,2,0,0,2,0,0,2,0,0,2,0,0,2,0,0,2,0,0,2,0,0,2,0,0,-1,-1,0,0,-1,-1,0,0,-1,-1,0,0,-1,6,0,0,0,0,0,0,6,0,15,14,12,10,8,120,129600,0,0,0,0,-1,0,0,0,0,0,0,1,0,0,0,-1,0,0,0,0,0,1,-1,Sometimes produces gifts.,496,-1,-1,36700192
196,91,10,6,0,1,0,0,0,0,6,0,1,0,0,0,0,2,1,1,-1,0,-1,0,,,,-1,480,5,500,0,0,0,0,0,0,0,1,3,0,0,0,13,2,0,0,2,0,0,2,0,0,2,0,0,2,0,0,2,0,0,2,0,0,2,0,0,2,0,0,2,0,0,2,0,0,2,0,0,2,0,0,-1,-1,0,0,-1,-1,0,0,-1,-1,0,0,-1,6,0,0,0,0,0,0,6,0,15,14,12,10,8,120,129600,0,0,0,0,-1,0,0,0,0,0,0,1,0,0,0,-1,0,0,0,0,0,1,-1,Home to powerful monsters.,512,-1,-1,36700192
197,66,10,6,0,1,0,0,0,0,6,0,1,0,0,0,0,2,1,1,-1,0,-1,0,,,,-1,480,5,500,0,0,0,0,0,0,0,1,3,0,0,0,13,2,0,0,2,0,0,2,0,0,2,0,0,2,0,0,2,0,0,2,0,0,2,0,0,2,0,0,2,0,0,2,0,0,2,0,0,2,0,0,-1,-1,0,0,-1,-1,0,0,-1,-1,0,0,-1,6,0,0,0,0,0,0,6,0,15,14,12,10,8,120,129600,0,0,0,0,-1,0,0,0,0,0,0,1,0,0,0,-1,0,0,0,0,0,1,-1,It's wild and untamed.,-1,-1,-1,36700192
198,95,10,6,0,1,0,0,0,0,6,0,1,0,0,0,0,2,1,1,-1,0,-1,0,,,,-1,480,5,500,0,0,0,0,0,0,0,1,3,0,0,0,13,2,0,0,2,0,0,2,0,0,2,0,0,2,0,0,2,0,0,2,0,0,2,0,0,2,0,0,2,0,0,2,0,0,2,0,0,2,0,0,-1,-1,0,0,-1,-1,0,0,-1,-1,0,0,-1,6,0,0,0,0,0,0,6,0,15,14,12,10,8,120,129600,0,0,0,0,-1,0,0,0,0,0,0,1,0,0,0,-1,0,0,0,0,0,1,-1,Used for moving stuff from town to town.,500,-1,-1,36700192
199,90,10,6,0,1,0,0,0,0,6,0,1,0,0,0,0,2,1,1,-1,0,-1,0,,,,-1,480,5,500,0,0,0,0,0,0,0,1,3,0,0,0,13,2,0,0,2,0,0,2,0,0,2,0,0,2,0,0,2,0,0,2,0,0,2,0,0,2,0,0,2,0,0,2,0,0,2,0,0,2,0,0,-1,-1,0,0,-1,-1,0,0,-1,-1,0,0,-1,6,0,0,0,0,0,0,6,0,15,14,12,10,8,120,129600,0,0,0,0,-1,0,0,0,0,0,0,1,0,0,0,-1,0,0,0,0,0,1,-1,It's wild and untamed.,-1,-1,-1,36700192
200,96,10,6,0,1,0,0,0,0,6,0,1,0,0,0,0,2,1,1,-1,0,-1,0,,,,-1,480,5,500,0,0,0,0,0,0,0,1,3,0,0,0,13,2,0,0,2,0,0,2,0,0,2,0,0,2,0,0,2,0,0,2,0,0,2,0,0,2,0,0,2,0,0,2,0,0,2,0,0,2,0,0,-1,-1,0,0,-1,-1,0,0,-1,-1,0,0,-1,6,0,0,0,0,0,0,6,0,15,14,12,10,8,120,129600,0,0,0,0,-1,0,0,0,0,0,0,1,0,0,0,-1,0,0,0,0,0,1,-1,A place to trade equipment.,513,-1,-1,36700192
201,97,10,6,0,1,0,0,0,0,6,0,1,0,0,0,0,2,1,1,-1,0,-1,0,,,,-1,480,5,500,0,0,0,0,0,0,0,1,3,0,0,0,13,2,0,0,2,0,0,2,0,0,2,0,0,2,0,0,2,0,0,2,0,0,2,0,0,2,0,0,2,0,0,2,0,0,2,0,0,2,0,0,-1,-1,0,0,-1,-1,0,0,-1,-1,0,0,-1,6,0,0,0,0,0,0,6,0,15,14,12,10,8,120,129600,0,0,0,0,-1,0,0,0,0,0,0,1,0,0,0,-1,0,0,0,0,0,1,-1,Offers all kinds of things for sale.,514,-1,-1,36700192
202,107,10,6,0,1,0,0,0,0,6,0,1,0,0,0,0,2,1,1,-1,0,-1,0,,,,-1,480,5,500,0,0,0,0,0,0,0,1,3,0,0,0,13,2,0,0,2,0,0,2,0,0,2,0,0,2,0,0,2,0,0,2,0,0,2,0,0,2,0,0,2,0,0,2,0,0,2,0,0,2,0,0,-1,-1,0,0,-1,-1,0,0,-1,-1,0,0,-1,6,0,0,0,0,0,0,6,0,15,14,12,10,8,120,129600,0,0,0,0,-1,0,0,0,0,0,0,1,0,0,0,-1,0,0,0,0,0,1,-1,A place to go on dates and increase affection.,574,-1,-1,36700192
203,66,10,6,0,1,0,0,0,0,6,0,1,0,0,0,0,2,1,1,-1,0,-1,0,,,,-1,480,5,500,0,0,0,0,0,0,0,1,3,0,0,0,13,2,0,0,2,0,0,2,0,0,2,0,0,2,0,0,2,0,0,2,0,0,2,0,0,2,0,0,2,0,0,2,0,0,2,0,0,2,0,0,-1,-1,0,0,-1,-1,0,0,-1,-1,0,0,-1,6,0,0,0,0,0,0,6,0,15,14,12,10,8,120,129600,0,0,0,0,-1,0,0,0,0,0,0,1,0,0,0,-1,0,0,0,0,0,1,-1,It's wild and untamed.,-1,-1,-1,36700192
204,66,10,6,0,1,0,0,0,0,6,0,1,0,0,0,0,2,1,1,-1,0,-1,0,,,,-1,480,5,500,0,0,0,0,0,0,0,1,3,0,0,0,13,2,0,0,2,0,0,2,0,0,2,0,0,2,0,0,2,0,0,2,0,0,2,0,0,2,0,0,2,0,0,2,0,0,2,0,0,2,0,0,-1,-1,0,0,-1,-1,0,0,-1,-1,0,0,-1,6,0,0,0,0,0,0,6,0,15,14,12,10,8,120,129600,0,0,0,0,-1,0,0,0,0,0,0,1,0,0,0,-1,0,0,0,0,0,1,-1,It's wild and untamed.,-1,-1,-1,36700192
205,66,10,6,0,1,0,0,0,0,6,0,1,0,0,0,0,2,1,1,-1,0,-1,0,,,,-1,480,5,500,0,0,0,0,0,0,0,1,3,0,0,0,13,2,0,0,2,0,0,2,0,0,2,0,0,2,0,0,2,0,0,2,0,0,2,0,0,2,0,0,2,0,0,2,0,0,2,0,0,2,0,0,-1,-1,0,0,-1,-1,0,0,-1,-1,0,0,-1,6,0,0,0,0,0,0,6,0,15,14,12,10,8,120,129600,0,0,0,0,-1,0,0,0,0,0,0,1,0,0,0,-1,0,0,0,0,0,1,-1,It's wild and untamed.,-1,-1,-1,36700192
206,17,10,6,0,2,2,0,0,0,6,0,20,18,0,0,0,2,1,1,11,0,-1,0,,,,-1,1440,15,515,0,0,0,0,0,0,0,1,3,0,0,0,13,2,0,0,2,0,0,2,0,0,2,0,0,2,0,0,2,0,0,2,0,0,2,0,0,2,0,0,2,0,0,2,0,0,2,0,0,2,0,0,-1,-1,0,0,-1,-1,0,0,-1,-1,0,0,5,6,0,2,2,0,0,0,6,0,85,80,12,10,8,120,129600,0,0,0,0,-1,0,0,0,0,0,0,1,0,0,0,-1,0,0,0,0,200,1,-1,Used to store <pic=grass> in town.,-1,-1,-1,0
207,17,10,6,0,0,2,2,0,0,6,0,0,18,16,0,0,2,1,1,12,0,-1,0,,,,-1,1440,15,515,0,0,0,0,0,0,0,1,3,0,0,0,13,2,0,0,2,0,0,2,0,0,2,0,0,2,0,0,2,0,0,2,0,0,2,0,0,2,0,0,2,0,0,2,0,0,2,0,0,2,0,0,-1,-1,0,0,-1,-1,0,0,-1,-1,0,0,5,6,0,0,2,2,0,0,6,0,15,80,70,10,8,120,129600,0,0,0,0,-1,0,0,0,0,0,0,1,0,0,0,-1,0,0,0,0,180,1,-1,Used to store <pic=wood> in town.,-1,-1,-1,0
208,17,10,6,0,0,0,2,2,0,6,0,0,0,16,14,0,2,1,1,13,0,-1,0,,,,-1,1440,15,515,0,0,0,0,0,0,0,1,3,0,0,0,13,2,0,0,2,0,0,2,0,0,2,0,0,2,0,0,2,0,0,2,0,0,2,0,0,2,0,0,2,0,0,2,0,0,2,0,0,2,0,0,-1,-1,0,0,-1,-1,0,0,-1,-1,0,0,5,6,0,0,0,2,2,0,6,0,15,14,70,65,8,120,129600,0,0,0,0,-1,0,0,0,0,0,0,1,0,0,0,-1,0,0,0,0,160,1,-1,Used to store <pic=food> in town.,-1,-1,-1,0
209,17,10,6,0,0,0,0,2,2,6,0,0,0,0,14,12,2,1,1,14,0,-1,0,,,,-1,1440,15,515,0,0,0,0,0,0,0,1,3,0,0,0,13,2,0,0,2,0,0,2,0,0,2,0,0,2,0,0,2,0,0,2,0,0,2,0,0,2,0,0,2,0,0,2,0,0,2,0,0,2,0,0,-1,-1,0,0,-1,-1,0,0,-1,-1,0,0,5,6,0,0,0,0,2,2,6,0,15,14,12,65,55,120,129600,0,0,0,0,-1,0,0,0,0,0,0,1,0,0,0,-1,0,0,0,0,140,1,-1,Used to store <pic=iron> in town.,-1,-1,-1,0
210,17,10,6,0,0,0,0,0,2,6,0,0,0,0,0,12,2,1,1,15,0,-1,0,,,,-1,1440,15,515,0,0,0,0,0,0,0,1,3,0,0,0,13,2,0,0,2,0,0,2,0,0,2,0,0,2,0,0,2,0,0,2,0,0,2,0,0,2,0,0,2,0,0,2,0,0,2,0,0,2,0,0,-1,-1,0,0,-1,-1,0,0,-1,-1,0,0,5,6,0,0,0,0,0,2,6,0,15,14,12,10,55,120,129600,0,0,0,0,-1,0,0,0,0,0,0,1,0,0,0,-1,0,0,0,0,120,1,-1,Used to store <pic=magic> in town.,-1,-1,-1,0
211,17,10,6,0,0,0,3,0,0,6,0,0,0,24,0,0,2,1,1,16,0,-1,0,,,,-1,1440,15,515,0,0,0,0,0,0,0,1,3,0,0,0,13,2,0,0,2,0,0,2,0,0,2,0,0,2,0,0,2,0,0,2,0,0,2,0,0,2,0,0,2,0,0,2,0,0,2,0,0,2,0,0,-1,-1,0,0,-1,-1,0,0,-1,-1,0,0,5,6,0,0,0,3,0,0,6,0,15,14,75,10,8,120,129600,0,0,0,0,-1,0,0,0,0,0,0,1,0,0,0,-1,0,0,0,0,100,1,-1,Used to store Energy in town.,-1,-1,-1,0
212,17,10,6,0,0,0,0,2,2,6,0,0,0,0,14,12,2,1,1,17,0,-1,0,,,,-1,1440,15,515,0,0,0,0,0,0,0,1,3,0,0,0,13,2,0,0,2,0,0,2,0,0,2,0,0,2,0,0,2,0,0,2,0,0,2,0,0,2,0,0,2,0,0,2,0,0,2,0,0,2,0,0,-1,-1,0,0,-1,-1,0,0,-1,-1,0,0,5,6,0,0,0,0,2,2,6,0,15,14,12,65,55,120,129600,0,0,0,0,-1,0,0,0,0,0,0,1,0,0,0,-1,0,0,0,0,80,1,-1,Used to store Treasure in town.,-1,-1,-1,0
213,17,10,6,0,3,0,0,3,0,6,0,30,0,0,21,0,2,1,1,18,0,-1,0,,,,-1,1440,15,515,0,0,0,0,0,0,0,1,3,0,0,0,13,2,0,0,2,0,0,2,0,0,2,0,0,2,0,0,2,0,0,2,0,0,2,0,0,2,0,0,2,0,0,2,0,0,2,0,0,2,0,0,-1,-1,0,0,-1,-1,0,0,-1,-1,0,0,5,6,0,3,0,0,3,0,6,0,90,14,12,70,8,120,129600,0,0,0,0,-1,0,0,0,0,0,0,1,0,0,0,-1,0,0,0,0,60,1,-1,Used to store Items in town.,-1,-1,-1,0
214,17,10,6,0,2,0,2,0,0,6,0,20,0,16,0,0,2,1,1,19,0,-1,0,,,,-1,1440,15,515,0,0,0,0,0,0,0,1,3,0,0,0,13,2,0,0,2,0,0,2,0,0,2,0,0,2,0,0,2,0,0,2,0,0,2,0,0,2,0,0,2,0,0,2,0,0,2,0,0,2,0,0,-1,-1,0,0,-1,-1,0,0,-1,-1,0,0,5,6,0,2,0,2,0,0,6,0,85,14,70,10,8,120,129600,0,0,0,0,-1,0,0,0,0,0,0,1,0,0,0,-1,0,0,0,0,80,1,-1,A place to store eggs.,-1,-1,-1,0
215,98,10,6,0,0,0,0,0,0,6,0,0,0,0,0,0,2,1,1,-1,0,-1,0,,,,-1,0,0,0,0,0,0,0,0,0,0,1,3,0,0,0,13,2,0,0,2,0,0,2,0,0,2,0,0,2,0,0,2,0,0,2,0,0,2,0,0,2,0,0,2,0,0,2,0,0,2,0,0,2,0,0,-1,-1,0,0,-1,-1,0,0,-1,-1,0,0,-1,6,0,0,0,0,0,0,6,0,0,0,0,0,0,120,129600,0,0,0,0,-1,0,0,0,0,0,0,1,0,0,0,-1,0,0,0,0,0,1,-1,Builds bridges across water.,-1,-1,-1,160
216,3,10,6,0,0,0,0,0,0,6,0,0,0,0,0,0,2,1,1,-1,0,-1,0,,,,52,720,0,0,0,0,0,0,0,0,0,1,3,0,0,0,13,2,0,0,2,0,0,2,0,0,2,0,0,2,0,0,2,0,0,2,0,0,2,0,0,2,0,0,2,0,0,2,0,0,2,0,0,2,0,0,-1,-1,0,0,-1,-1,0,0,-1,-1,0,0,-1,6,0,0,0,0,0,0,6,0,15,14,12,10,8,120,129600,0,0,0,0,-1,0,0,0,0,0,0,1,0,0,0,-1,0,0,0,0,0,1,-1,未使用,-1,-1,-1,3145760
217,3,10,6,0,0,0,0,0,0,6,0,0,0,0,0,0,2,1,1,-1,0,-1,0,,,,53,720,0,0,0,0,0,0,0,0,0,1,3,0,0,0,13,2,0,0,2,0,0,2,0,0,2,0,0,2,0,0,2,0,0,2,0,0,2,0,0,2,0,0,2,0,0,2,0,0,2,0,0,2,0,0,-1,-1,0,0,-1,-1,0,0,-1,-1,0,0,-1,6,0,0,0,0,0,0,6,0,15,14,12,10,8,120,129600,0,0,0,0,-1,0,0,0,0,0,0,1,0,0,0,-1,0,0,0,0,0,1,-1,未使用,-1,-1,-1,3145760
218,3,10,6,0,0,0,0,0,0,6,0,0,0,0,0,0,2,1,1,-1,0,-1,0,,,,54,720,0,0,0,0,0,0,0,0,0,1,3,0,0,0,13,2,0,0,2,0,0,2,0,0,2,0,0,2,0,0,2,0,0,2,0,0,2,0,0,2,0,0,2,0,0,2,0,0,2,0,0,2,0,0,-1,-1,0,0,-1,-1,0,0,-1,-1,0,0,-1,6,0,0,0,0,0,0,6,0,15,14,12,10,8,120,129600,0,0,0,0,-1,0,0,0,0,0,0,1,0,0,0,-1,0,0,0,0,0,1,-1,未使用,-1,-1,-1,3145760
219,3,10,6,0,0,0,0,0,0,6,0,0,0,0,0,0,2,1,1,-1,0,-1,0,,,,55,720,0,0,0,0,0,0,0,0,0,1,3,0,0,0,13,2,0,0,2,0,0,2,0,0,2,0,0,2,0,0,2,0,0,2,0,0,2,0,0,2,0,0,2,0,0,2,0,0,2,0,0,2,0,0,-1,-1,0,0,-1,-1,0,0,-1,-1,0,0,-1,6,0,0,0,0,0,0,6,0,15,14,12,10,8,120,129600,0,0,0,0,-1,0,0,0,0,0,0,1,0,0,0,-1,0,0,0,0,0,1,-1,未使用,-1,-1,-1,3145760
220,3,10,6,0,0,0,0,0,0,6,0,0,0,0,0,0,2,1,1,-1,0,-1,0,,,,56,720,0,0,0,0,0,0,0,0,0,1,3,0,0,0,13,2,0,0,2,0,0,2,0,0,2,0,0,2,0,0,2,0,0,2,0,0,2,0,0,2,0,0,2,0,0,2,0,0,2,0,0,2,0,0,-1,-1,0,0,-1,-1,0,0,-1,-1,0,0,-1,6,0,0,0,0,0,0,6,0,15,14,12,10,8,120,129600,0,0,0,0,-1,0,0,0,0,0,0,1,0,0,0,-1,0,0,0,0,0,1,-1,未使用,-1,-1,-1,3145760
221,3,10,6,0,0,0,0,0,0,6,0,0,0,0,0,0,2,1,1,-1,0,-1,0,,,,57,720,0,0,0,0,0,0,0,0,0,1,3,0,0,0,13,2,0,0,2,0,0,2,0,0,2,0,0,2,0,0,2,0,0,2,0,0,2,0,0,2,0,0,2,0,0,2,0,0,2,0,0,2,0,0,-1,-1,0,0,-1,-1,0,0,-1,-1,0,0,-1,6,0,0,0,0,0,0,6,0,15,14,12,10,8,120,129600,0,0,0,0,-1,0,0,0,0,0,0,1,0,0,0,-1,0,0,0,0,0,1,-1,未使用,-1,-1,-1,3145760
222,3,10,6,0,0,0,0,0,0,6,0,0,0,0,0,0,2,1,1,-1,0,-1,0,,,,58,720,0,0,0,0,0,0,0,0,0,1,3,0,0,0,13,2,0,0,2,0,0,2,0,0,2,0,0,2,0,0,2,0,0,2,0,0,2,0,0,2,0,0,2,0,0,2,0,0,2,0,0,2,0,0,-1,-1,0,0,-1,-1,0,0,-1,-1,0,0,-1,6,0,0,0,0,0,0,6,0,15,14,12,10,8,120,129600,0,0,0,0,-1,0,0,0,0,0,0,1,0,0,0,-1,0,0,0,0,0,1,-1,未使用,-1,-1,-1,3145760
223,4,10,6,0,0,5,0,3,0,6,0,0,45,0,21,0,2,1,1,-1,0,-1,0,,,,-1,240,0,0,0,0,50,23,0,0,-18,1,3,0,0,5,13,2,0,0,2,0,0,2,0,0,2,0,0,2,0,0,2,0,0,2,0,0,2,0,0,2,10,8,2,15,8,2,15,8,2,0,0,2,0,0,0,20,5,25,-1,-1,0,0,-1,-1,0,0,8,6,0,0,0,0,0,0,6,0,15,14,12,10,8,120,129600,0,0,0,0,-1,0,0,0,0,2,2,1,0,0,0,78,1,0,0,0,0,5,70,Sometimes produces items.,-1,-1,-1,143654948
224,56,10,6,0,0,3,0,3,0,6,0,0,27,0,21,0,2,1,1,-1,0,-1,0,,,,-1,240,0,0,0,0,0,28,-2,0,-6,1,3,0,0,0,13,2,0,0,2,0,0,2,0,0,2,0,0,2,0,0,2,0,0,2,0,0,2,0,0,2,0,0,2,0,0,2,0,0,2,0,0,2,0,0,-1,-1,0,0,-1,-1,0,0,-1,-1,0,0,9,6,0,0,3,0,3,0,6,0,15,85,12,70,8,120,129600,0,0,0,0,-1,0,0,0,0,0,0,1,0,0,0,82,1,0,0,0,0,1,-1,A place to create works of art.,-1,-1,-1,11534336
225,56,10,6,0,0,5,0,3,0,6,0,0,45,0,21,0,2,1,1,-1,0,-1,0,,,,-1,240,0,0,0,0,0,0,-3,-4,-5,1,3,0,0,0,13,2,0,0,2,0,0,2,0,0,2,0,0,2,0,0,2,0,0,2,0,0,2,0,0,2,0,0,2,0,0,2,0,0,2,0,0,2,0,0,-1,-1,0,0,-1,-1,0,0,-1,-1,0,0,9,6,0,0,0,0,0,0,6,0,15,14,12,10,8,120,129600,0,0,0,0,-1,0,0,0,0,0,0,1,0,0,0,80,1,0,0,0,0,1,-1,A place to plan surveys.,-1,-1,-1,271581216
226,102,10,6,0,0,40,35,0,0,6,0,0,360,280,0,0,2,1,1,-1,0,-1,0,,,,-1,480,5,500,0,14,0,4,0,0,9,1,3,0,0,0,13,2,0,0,2,0,0,2,0,0,2,0,0,2,0,0,2,0,0,2,0,0,2,0,0,2,0,0,2,0,0,2,0,0,2,0,0,2,0,0,0,20,5,25,-1,-1,0,0,-1,-1,0,0,-1,6,0,0,0,0,0,0,6,0,15,14,12,10,8,120,129600,0,0,0,0,-1,0,0,0,0,0,0,1,0,0,0,-1,0,0,0,0,50,2,-1,A place to raise bugs.,572,-1,-1,96
227,103,10,6,0,0,5,3,0,0,6,0,0,45,24,0,0,2,1,1,-1,0,-1,0,,,,-1,480,5,500,0,14,0,4,0,0,0,1,3,0,0,0,13,2,0,0,2,0,0,2,0,0,2,0,0,2,0,0,2,0,0,2,0,0,2,0,0,2,0,0,2,0,0,2,0,0,2,0,0,2,0,0,-1,-1,0,0,-1,-1,0,0,-1,-1,0,0,-1,6,0,0,0,0,0,0,6,0,15,14,12,10,8,120,129600,0,0,0,0,-1,0,0,0,0,0,0,1,0,0,0,-1,0,0,0,0,0,1,-1,It's wild and untamed.,-1,-1,-1,3145824
228,38,10,6,0,0,5,3,0,0,6,0,0,45,24,0,0,2,1,1,-1,0,-1,0,,,,-1,480,5,500,0,0,0,0,0,0,0,1,3,0,0,0,13,2,0,0,2,0,0,2,0,0,2,0,0,2,0,0,2,0,0,2,0,0,2,0,0,2,0,0,2,0,0,2,0,0,2,0,0,2,0,0,-1,-1,0,0,-1,-1,0,0,-1,-1,0,0,-1,6,0,0,0,0,0,0,6,0,15,14,12,10,8,120,129600,0,0,0,0,-1,0,0,0,0,0,0,1,0,0,0,-1,0,0,0,0,0,1,-1,It's wild and untamed.,-1,-1,-1,3145760
229,4,10,6,0,2,4,0,0,0,6,0,20,36,0,0,0,2,1,1,-1,0,-1,0,,,,-1,240,0,0,0,0,30,23,-2,0,9,1,3,0,0,3,13,2,0,0,2,0,0,2,0,0,2,0,0,2,0,0,2,0,0,2,0,0,2,0,0,2,5,6,2,5,6,2,5,6,2,0,0,2,0,0,0,20,5,25,-1,-1,0,0,-1,-1,0,0,8,6,0,0,0,0,0,0,6,0,15,14,12,10,8,120,129600,0,0,0,0,-1,0,0,0,0,2,2,1,0,0,0,78,1,0,0,0,0,5,70,Sometimes produces items.,-1,-1,-1,135266340
230,104,10,6,0,0,8,8,0,0,6,0,0,72,64,0,0,2,1,1,-1,0,-1,0,,,,-1,240,3,50,0,0,0,0,0,0,11,1,3,0,0,0,13,2,0,0,2,0,0,2,0,0,2,0,0,2,0,0,2,0,0,2,0,0,2,0,0,2,0,0,2,0,0,2,0,0,2,0,0,2,0,0,-1,-1,0,0,-1,-1,0,0,-1,-1,0,0,-1,6,0,0,0,0,0,0,6,0,15,14,12,10,8,120,129600,0,0,0,0,-1,0,0,0,0,0,0,1,0,0,0,-1,0,0,0,0,0,1,-1,A place to attract visitors by air.,-1,-1,-1,3145761
231,104,10,6,0,0,0,0,6,8,6,0,0,0,0,42,48,2,1,1,-1,0,-1,0,,,,-1,240,3,50,0,0,0,0,0,0,11,1,3,0,0,0,13,2,0,0,2,0,0,2,0,0,2,0,0,2,0,0,2,0,0,2,0,0,2,0,0,2,0,0,2,0,0,2,0,0,2,0,0,2,0,0,-1,-1,0,0,-1,-1,0,0,-1,-1,0,0,-1,6,0,0,0,0,0,0,6,0,15,14,12,10,8,120,129600,0,0,0,0,-1,0,0,0,0,0,0,1,0,0,0,-1,0,0,0,0,0,1,-1,A place to attract visitors by air.,-1,-1,-1,3145761
232,104,10,6,0,0,0,3,10,0,6,0,0,0,24,70,0,2,1,1,-1,0,-1,0,,,,-1,240,3,50,0,0,0,0,0,0,11,1,3,0,0,0,13,2,0,0,2,0,0,2,0,0,2,0,0,2,0,0,2,0,0,2,0,0,2,0,0,2,0,0,2,0,0,2,0,0,2,0,0,2,0,0,-1,-1,0,0,-1,-1,0,0,-1,-1,0,0,-1,6,0,0,0,0,0,0,6,0,15,14,12,10,8,120,129600,0,0,0,0,-1,0,0,0,0,0,0,1,0,0,0,-1,0,0,0,0,0,1,-1,A place to attract visitors by air.,-1,-1,-1,3145761
233,104,10,6,0,10,10,0,0,0,6,0,100,90,0,0,0,2,1,1,-1,0,-1,0,,,,-1,240,3,50,0,0,0,0,0,0,11,1,3,0,0,0,13,2,0,0,2,0,0,2,0,0,2,0,0,2,0,0,2,0,0,2,0,0,2,0,0,2,0,0,2,0,0,2,0,0,2,0,0,2,0,0,-1,-1,0,0,-1,-1,0,0,-1,-1,0,0,-1,6,0,0,0,0,0,0,6,0,15,14,12,10,8,120,129600,0,0,0,0,-1,0,0,0,0,0,0,1,0,0,0,-1,0,0,0,0,0,1,-1,A place to attract visitors by air.,-1,-1,-1,3145761
234,55,10,6,0,1,2,0,0,0,6,0,10,18,0,0,0,2,1,1,-1,0,-1,0,,,,-1,240,0,0,0,0,0,0,0,0,0,1,3,0,0,0,13,2,0,0,2,0,0,2,0,0,2,0,0,2,0,0,2,0,0,2,0,0,2,0,0,2,0,0,2,0,0,2,0,0,2,0,0,2,0,0,-1,-1,0,0,-1,-1,0,0,-1,-1,0,0,-1,6,0,0,0,0,0,0,6,0,15,14,12,10,8,120,129600,0,0,0,0,-1,0,0,0,0,0,0,1,-1,0,0,-1,0,0,0,0,0,1,-1,Switch it out with the Register.,530,-1,-1,1613758496
235,3,10,6,0,0,0,0,0,0,6,0,0,0,0,0,0,2,1,1,-1,0,-1,0,,,,66,720,0,0,0,0,0,0,0,0,0,1,3,0,0,0,13,2,0,0,2,0,0,2,0,0,2,0,0,2,0,0,2,0,0,2,0,0,2,0,0,2,0,0,2,0,0,2,0,0,2,0,0,2,0,0,-1,-1,0,0,-1,-1,0,0,-1,-1,0,0,-1,6,0,0,0,0,0,0,6,0,15,14,12,10,8,120,129600,0,0,0,0,-1,0,0,0,0,0,0,1,0,0,0,-1,0,0,0,0,0,1,-1,未使用,-1,-1,-1,3145760
236,4,10,6,0,0,5,0,0,1,6,0,0,45,0,0,6,2,1,1,-1,0,-1,0,,,,-1,240,0,0,0,0,150,23,0,0,-18,1,3,0,0,15,13,2,10,6,2,5,6,2,0,0,2,0,0,2,0,0,2,5,6,2,5,6,2,0,0,2,10,6,2,15,6,2,10,6,2,0,0,2,5,6,0,22,5,25,-1,-1,0,0,-1,-1,0,0,8,6,0,0,0,0,0,0,6,0,15,14,12,10,8,120,129600,0,0,0,0,-1,0,0,0,0,2,2,1,0,0,0,80,1,0,0,0,0,5,5,Sometimes produces items.,-1,-1,-1,143654948
237,4,10,6,0,0,5,0,0,1,6,0,0,45,0,0,6,2,1,1,-1,0,-1,0,,,,-1,240,0,0,0,0,100,23,-2,0,9,1,3,0,0,10,13,2,5,6,2,5,6,2,0,0,2,0,0,2,0,0,2,5,6,2,5,6,2,0,0,2,5,6,2,5,6,2,5,6,2,0,0,2,5,6,0,22,5,25,-1,-1,0,0,-1,-1,0,0,8,6,0,0,0,0,0,0,6,0,15,14,12,10,8,120,129600,0,0,0,0,-1,0,0,0,0,2,2,1,0,0,0,80,1,0,0,0,0,5,5,Sometimes produces items.,-1,-1,-1,135266340
238,45,10,6,0,0,0,10,0,10,6,0,0,0,80,0,60,2,1,1,-1,0,-1,0,,,,-1,720,5,500,0,0,0,0,0,0,0,1,3,0,0,0,13,2,0,0,2,0,0,2,0,0,2,0,0,2,0,0,2,0,0,2,0,0,2,0,0,2,0,0,2,0,0,2,0,0,2,0,0,2,0,0,0,21,5,25,-1,-1,0,0,-1,-1,0,0,-1,6,0,0,0,0,0,0,6,0,15,14,12,10,8,120,129600,0,0,0,0,-1,0,0,0,0,0,0,1,0,0,0,-1,0,0,0,0,0,1,-1,A place to keep reindeer.,-1,-1,1,3145760
239,100,10,6,0,0,0,0,50,50,6,0,0,0,0,50,50,2,1,1,-1,0,-1,0,,,,-1,480,5,500,0,0,0,0,0,0,0,1,3,0,0,0,13,2,0,0,2,0,0,2,0,0,2,0,0,2,0,0,2,0,0,2,0,0,2,0,0,2,0,0,2,0,0,2,0,0,2,0,0,2,0,0,-1,-1,0,0,-1,-1,0,0,-1,-1,0,0,2,6,0,5,25,25,35,50,6,0,100,195,185,230,295,120,129600,0,0,0,0,5,50,250,0,0,30,600,1,0,0,0,-1,0,0,0,0,0,1,-1,A place for flying ships to dock.,541,-1,-1,36700224
240,101,10,6,0,50,50,0,0,0,6,0,50,50,0,0,0,2,1,1,-1,0,-1,0,,,,-1,480,5,500,0,0,0,0,0,0,0,1,3,0,0,0,13,2,0,0,2,0,0,2,0,0,2,0,0,2,0,0,2,0,0,2,0,0,2,0,0,2,0,0,2,0,0,2,0,0,2,0,0,2,0,0,-1,-1,0,0,-1,-1,0,0,-1,-1,0,0,-1,6,0,0,0,0,0,0,6,0,15,14,12,10,8,120,129600,0,0,0,0,-1,0,0,0,0,0,0,1,0,0,0,-1,0,0,0,0,0,1,-1,A place to store collectibles.,542,-1,-1,36700192
241,103,10,6,0,50,0,0,40,0,6,0,500,0,0,280,0,2,1,1,-1,0,-1,0,,,,-1,240,5,500,0,0,1000,4,0,0,22,1,3,0,5,5,13,2,0,0,2,0,0,2,0,0,2,0,0,2,0,0,2,0,0,2,10,90,2,0,0,2,5,90,2,0,0,2,0,0,2,5,90,2,15,90,0,20,5,25,-1,-1,0,0,-1,-1,0,0,7,6,0,0,0,0,0,0,6,0,15,14,12,10,8,120,129600,0,0,0,0,-1,0,0,0,0,3,3,2,0,0,0,-1,0,0,0,0,50,2,-1,A place to catch fish.,543,-1,-1,1048672
242,45,10,6,0,0,0,10,0,10,6,0,0,0,80,0,60,2,1,1,-1,0,-1,0,,,,-1,720,5,500,0,0,0,0,0,0,0,1,3,0,0,0,13,2,0,0,2,0,0,2,0,0,2,0,0,2,0,0,2,0,0,2,0,0,2,0,0,2,0,0,2,0,0,2,0,0,2,0,0,2,0,0,0,21,5,25,-1,-1,0,0,-1,-1,0,0,-1,6,0,0,0,0,0,0,6,0,15,14,12,10,8,120,129600,0,0,0,0,-1,0,0,0,0,0,0,1,0,0,0,-1,0,0,0,0,0,1,-1,A place to ride flying carpets.,-1,-1,2,3145760