,,,,,,,,saleCond [][],,,,,,,imgHeads [],,,,imgBodys [],,,,imgHands [],,,,imgFoots [],,,,,,,,,,,,parameters [][],,,,,,,,,,,,,,,,,,,,,,,,,,,,,,,,,,,,,,,,,,,,,,,,,,,,,,,,,,,,,,,,,,skills [],,,,,,
,,,,,,,,,,,,,,,,,,,,,,,,,,,,,,,,,,,,,,,,,HP,,,,,MP,,,,,Vigor,,,,,ATK,,,,,DEF,,,,,SPEED,,,,,LUCK,,,,,Owned?,,,,,INT,,,,,DEX,,,,,CONS,,,,,MOVE,,,,,Heart,,,,,,,,,,
id,name,type,category,group,recruitCost,saleCount,restockCopperCoinCost,,,,,jobRank,initRecruitChancesNum,resHead,,,,resBody,,,,resHand,,,,resFoot,,,,weapon,shield,life,slotsNum,searchingRange,dispatchExploreRange,cloudDispelRange,conquestExtraCost,dispatchExtraCost,,,maxLevel,needExp?,initValue,raiseValue,,maxLevel,needExp?,initValue,raiseValue,,maxLevel,needExp?,initValue,raiseValue,,maxLevel,needExp?,initValue,raiseValue,,maxLevel,needExp?,initValue,raiseValue,,maxLevel,needExp?,initValue,raiseValue,,maxLevel,needExp?,initValue,raiseValue,,maxLevel,needExp?,initValue,raiseValue,,maxLevel,needExp?,initValue,raiseValue,,maxLevel,needExp?,initValue,raiseValue,,maxLevel,needExp?,initValue,raiseValue,,maxLevel,needExp?,initValue,raiseValue,,maxLevel,needExp?,initValue,raiseValue,,,,,explain,flag,flag
0,D Grade Monarch,0,0,0,0,0,-1,0,,,,2,0,14,2,0,140,12,2,0,1,16,2,0,1,15,2,0,1,17,1,-1,3,4,4,2,0,0,13,4,20,100,100,4,4,20,100,20,2,4,20,100,100,4,4,20,100,20,2,4,20,100,6,2,4,20,100,20,2,4,20,100,20,2,4,99,100,0,5,4,20,100,15,4,4,20,100,10,4,4,20,100,10,2,4,20,100,15,3,4,20,100,20,3,0,,,,Ruler of the kingdom.,7,111
1,C Grade Monarch,0,0,0,0,0,-1,0,,,,3,0,14,2,1,141,12,2,0,1,16,2,0,1,15,2,0,1,17,1,-1,3,4,4,2,2,1,13,4,30,100,125,4,4,30,100,24,2,4,30,100,125,4,4,30,100,30,2,4,30,100,7,2,4,30,100,30,2,4,30,100,30,2,4,99,100,0,5,4,30,100,19,4,4,30,100,13,4,4,30,100,13,2,4,30,100,19,3,4,30,100,26,3,0,,,,Ruler of the kingdom.,6,110
2,B Grade Monarch,0,0,0,0,0,-1,0,,,,4,0,14,2,2,142,12,2,0,1,16,2,0,1,15,2,0,1,17,1,-1,3,5,5,2,4,2,13,4,40,100,155,5,4,40,100,30,2,4,40,100,155,4,4,40,100,44,2,4,40,100,9,2,4,40,100,44,2,4,40,100,44,2,4,99,100,0,5,4,40,100,24,4,4,40,100,16,4,4,40,100,16,2,4,40,100,24,3,4,40,100,33,3,0,,,,Ruler of the kingdom.,6,110
3,A Grade Monarch,0,0,0,0,0,-1,0,,,,5,0,14,2,3,143,12,2,0,1,16,2,0,1,15,2,0,1,17,1,-1,3,5,5,2,6,3,13,4,50,100,190,7,4,50,100,36,3,4,50,100,190,5,4,50,100,66,3,4,50,100,11,2,4,50,100,66,2,4,50,100,66,2,4,99,100,0,5,4,50,100,31,4,4,50,100,20,4,4,50,100,20,2,4,50,100,31,3,4,50,100,42,3,0,,,,Ruler of the kingdom.,6,110
4,S Grade Monarch,0,0,0,0,0,-1,0,,,,6,0,14,2,4,144,12,2,0,1,16,2,0,1,15,2,0,1,17,1,-1,3,6,6,2,8,4,13,4,60,100,235,10,4,60,100,44,5,4,60,100,235,7,4,60,100,98,4,4,60,100,14,3,4,60,100,98,3,4,60,100,98,3,4,99,100,0,5,4,60,100,40,5,4,60,100,26,5,4,60,100,26,3,4,60,100,40,4,4,60,100,54,4,0,,,,Ruler of the kingdom.,6,110
5,D Grade Merchant,0,0,1,0,20,10000,1,2,3,2,2,1,14,2,5,145,12,2,2,3,16,2,2,3,15,2,2,3,37,1,2,1,3,3,1,0,0,13,4,25,200,55,6,4,25,200,5,2,4,30,100,100,5,4,25,200,8,2,4,25,150,4,2,4,25,200,5,2,4,25,200,5,2,4,99,100,0,4,4,30,100,5,2,4,30,100,15,4,4,30,100,10,3,4,30,100,15,3,4,30,100,20,3,1,53,,,Needed to analyze treasure and run inns.,97,1100001
6,C Grade Merchant,0,0,1,0,15,8000,1,2,3,2,3,0,14,2,6,146,12,2,2,3,16,2,2,3,15,2,2,3,37,1,3,2,3,3,1,2,1,13,4,25,200,65,6,4,25,200,6,2,4,35,100,125,5,4,25,200,12,2,4,30,150,5,2,4,25,200,6,2,4,25,200,6,2,4,99,100,0,4,4,35,100,6,2,4,35,100,19,4,4,35,100,13,3,4,35,100,19,3,4,35,100,26,3,1,53,,,Needed to analyze treasure and run inns.,96,1100000
7,B Grade Merchant,0,0,1,0,10,6000,1,2,3,2,4,0,14,2,7,147,12,2,2,3,16,2,2,3,15,2,2,3,37,1,4,3,3,3,1,4,2,13,4,30,200,80,7,4,30,200,6,2,4,40,100,155,5,4,30,200,18,2,4,30,150,6,2,4,30,200,8,2,4,30,200,8,2,4,99,100,0,4,4,40,100,7,2,4,40,100,24,4,4,40,100,16,3,4,40,100,24,3,4,40,100,33,3,1,53,,,Needed to analyze treasure and run inns.,96,1100000
8,A Grade Merchant,0,0,1,0,3,4000,1,2,3,2,5,0,14,2,8,148,12,2,2,3,16,2,2,3,15,2,2,3,37,1,5,4,3,3,1,8,3,13,4,30,200,100,9,4,30,200,6,3,4,45,100,190,6,4,30,200,26,3,4,35,150,7,2,4,30,200,12,2,4,30,200,12,2,4,99,100,0,4,4,45,100,9,2,4,45,100,31,4,4,45,100,20,3,4,45,100,31,3,4,45,100,42,3,2,53,64,,Needed to analyze treasure and run inns.,96,1100000
9,S Grade Merchant,0,0,1,0,0,-1,0,,,,6,0,14,2,9,149,12,2,2,3,16,2,2,3,15,2,2,3,37,1,7,5,3,3,1,12,4,13,4,35,200,125,12,4,35,200,6,5,4,55,100,235,8,4,35,200,38,4,4,40,150,9,3,4,35,200,18,3,4,35,200,18,3,4,99,100,0,4,4,55,100,11,3,4,55,100,40,5,4,55,100,26,4,4,55,100,40,4,4,55,100,54,4,2,53,63,,Needed to analyze treasure and run inns.,96,1100000
10,D Grade Farmer,0,0,2,0,20,10000,1,2,3,3,2,1,14,2,10,150,12,2,4,5,16,2,4,5,15,2,4,5,67,1,2,1,3,3,1,0,0,13,4,25,200,70,6,4,25,200,5,2,4,30,100,100,5,4,25,200,8,2,4,25,150,5,2,4,25,200,5,2,4,25,200,5,2,4,99,100,0,4,4,30,100,5,2,4,30,100,20,2,4,30,100,25,4,4,30,100,15,3,4,30,100,5,2,1,42,,,"Skilled at tending fields, forestry, and cutting grass.",101,1100101
11,C Grade Farmer,0,0,2,0,15,8000,1,2,3,3,3,0,14,2,11,151,12,2,4,5,16,2,4,5,15,2,4,5,67,1,3,2,3,3,1,2,1,13,4,25,200,85,6,4,25,200,6,2,4,35,100,125,5,4,25,200,12,2,4,30,150,6,2,4,25,200,6,2,4,25,200,6,2,4,99,100,0,4,4,35,100,6,2,4,35,100,26,2,4,35,100,32,4,4,35,100,19,3,4,35,100,6,2,1,42,,,"Skilled at tending fields, forestry, and cutting grass.",100,1100100
12,B Grade Farmer,0,0,2,0,10,6000,1,2,3,3,4,0,14,2,12,152,12,2,4,5,16,2,4,5,15,2,4,5,67,1,4,3,3,3,1,4,2,13,4,30,200,105,7,4,30,200,6,2,4,40,100,155,5,4,30,200,18,2,4,30,150,7,2,4,30,200,8,2,4,30,200,8,2,4,99,100,0,4,4,40,100,7,2,4,40,100,33,2,4,40,100,41,4,4,40,100,24,3,4,40,100,7,2,2,42,93,,"Skilled at tending fields, forestry, and cutting grass.",100,1100100
13,A Grade Farmer,0,0,2,0,3,4000,1,2,3,3,5,0,14,2,13,153,12,2,4,5,16,2,4,5,15,2,4,5,67,1,5,4,3,3,1,8,3,13,4,30,200,130,9,4,30,200,6,3,4,45,100,190,6,4,30,200,26,3,4,35,150,9,2,4,30,200,12,2,4,30,200,12,2,4,99,100,0,4,4,45,100,9,2,4,45,100,42,2,4,45,100,53,4,4,45,100,31,3,4,45,100,9,2,2,42,93,,"Skilled at tending fields, forestry, and cutting grass.",100,1100100
14,S Grade Farmer,0,0,2,0,0,-1,0,,,,6,0,14,2,14,154,12,2,4,5,16,2,4,5,15,2,4,5,67,1,7,5,3,3,1,12,4,13,4,35,200,160,12,4,35,200,6,5,4,55,100,235,8,4,35,200,38,4,4,40,150,11,3,4,35,200,18,3,4,35,200,18,3,4,99,100,0,4,4,55,100,11,3,4,55,100,54,3,4,55,100,68,5,4,55,100,40,4,4,55,100,11,3,3,42,64,93,"Skilled at tending fields, forestry, and cutting grass.",100,1100100
15,D Grade Carpenter,0,0,3,0,20,10000,1,2,3,4,2,0,14,2,15,155,12,2,6,7,16,2,6,7,15,2,6,7,82,1,2,1,3,3,1,0,0,13,4,25,200,80,7,4,25,200,5,2,4,30,100,100,5,4,25,200,10,2,4,25,150,4,2,4,25,200,5,2,4,25,200,5,2,4,99,100,0,4,4,30,100,5,2,4,30,100,10,4,4,30,100,15,2,4,30,100,15,4,4,30,100,5,2,1,43,,,Skilled at making and repairing things.,100,1100100
16,C Grade Carpenter,0,0,3,0,15,8000,1,2,3,4,3,0,14,2,16,156,12,2,6,7,16,2,6,7,15,2,6,7,82,1,3,2,3,3,1,2,1,13,4,25,200,100,7,4,25,200,6,2,4,35,100,125,5,4,25,200,14,2,4,30,150,5,2,4,25,200,6,2,4,25,200,6,2,4,99,100,0,4,4,35,100,6,2,4,35,100,13,4,4,35,100,19,2,4,35,100,19,4,4,35,100,6,2,1,43,,,Skilled at making and repairing things.,100,1100100
17,B Grade Carpenter,0,0,3,0,10,6000,1,2,3,4,4,0,14,2,17,157,12,2,6,7,16,2,6,7,15,2,6,7,82,1,4,3,3,3,1,4,2,13,4,30,200,125,8,4,30,200,6,2,4,40,100,155,5,4,30,200,20,2,4,30,150,6,2,4,30,200,8,2,4,30,200,8,2,4,99,100,0,4,4,40,100,7,2,4,40,100,16,4,4,40,100,24,2,4,40,100,24,4,4,40,100,7,2,1,43,,,Skilled at making and repairing things.,100,1100100
18,A Grade Carpenter,0,0,3,0,3,4000,1,2,3,4,5,0,14,2,18,158,12,2,6,7,16,2,6,7,15,2,6,7,82,1,5,4,3,3,1,8,3,13,4,30,200,155,10,4,30,200,6,3,4,45,100,190,6,4,30,200,30,3,4,35,150,7,2,4,30,200,12,2,4,30,200,12,2,4,99,100,0,4,4,45,100,9,2,4,45,100,20,4,4,45,100,31,2,4,45,100,31,4,4,45,100,9,2,2,43,64,,Skilled at making and repairing things.,100,1100100
19,S Grade Carpenter,0,0,3,0,0,-1,0,,,,6,0,14,2,19,159,12,2,6,7,16,2,6,7,15,2,6,7,82,1,7,5,3,3,1,12,4,13,4,35,200,190,13,4,35,200,6,5,4,55,100,235,8,4,35,200,44,4,4,40,150,9,3,4,35,200,18,3,4,35,200,18,3,4,99,100,0,4,4,55,100,11,3,4,55,100,26,5,4,55,100,40,3,4,55,100,40,5,4,55,100,11,3,2,43,59,,Skilled at making and repairing things.,100,1100100
20,D Grade Mover,0,0,4,0,20,10000,1,2,3,5,2,0,14,2,20,160,12,2,8,9,16,2,8,9,15,2,8,9,92,1,2,1,4,4,1,0,0,13,4,25,200,75,7,4,25,200,5,2,4,30,100,100,5,4,25,200,8,2,4,25,150,4,2,4,25,200,5,2,4,25,200,5,2,4,99,100,0,4,4,30,100,20,2,4,30,100,10,3,4,30,100,15,1,4,30,100,35,3,4,30,100,5,2,1,46,,,Skilled at moving materials between towns.,100,1100100
21,C Grade Mover,0,0,4,0,15,8000,1,2,3,5,3,0,14,2,21,161,12,2,8,9,16,2,8,9,15,2,8,9,92,1,3,2,4,4,1,2,1,13,4,25,200,90,7,4,25,200,6,2,4,35,100,125,5,4,25,200,12,2,4,30,150,5,2,4,25,200,6,2,4,25,200,6,2,4,99,100,0,4,4,35,100,26,2,4,35,100,13,3,4,35,100,19,1,4,35,100,45,3,4,35,100,6,2,1,46,,,Skilled at moving materials between towns.,100,1100100
22,B Grade Mover,0,0,4,0,10,6000,1,2,3,5,4,0,14,2,22,162,12,2,8,9,16,2,8,9,15,2,8,9,92,1,4,3,4,4,1,4,2,13,4,30,200,110,8,4,30,200,6,2,4,40,100,155,5,4,30,200,18,2,4,30,150,6,2,4,30,200,8,2,4,30,200,8,2,4,99,100,0,4,4,40,100,33,2,4,40,100,16,3,4,40,100,24,1,4,40,100,58,3,4,40,100,7,2,1,46,,,Skilled at moving materials between towns.,100,1100100
23,A Grade Mover,0,0,4,0,3,4000,1,2,3,5,5,0,14,2,23,163,12,2,8,9,16,2,8,9,15,2,8,9,92,1,5,4,4,4,1,8,3,13,4,30,200,135,10,4,30,200,6,3,4,45,100,190,6,4,30,200,26,3,4,35,150,7,2,4,30,200,12,2,4,30,200,12,2,4,99,100,0,4,4,45,100,42,2,4,45,100,20,3,4,45,100,31,1,4,45,100,75,3,4,45,100,9,2,2,46,64,,Skilled at moving materials between towns.,100,1100100
24,S Grade Mover,0,0,4,0,0,-1,0,,,,6,0,14,2,24,164,12,2,8,9,16,2,8,9,15,2,8,9,92,1,7,5,4,4,1,12,4,13,4,35,200,165,13,4,35,200,6,5,4,55,100,235,8,4,35,200,38,4,4,40,150,9,3,4,35,200,18,3,4,35,200,18,3,4,99,100,0,4,4,55,100,54,3,4,55,100,26,4,4,55,100,40,2,4,55,100,97,4,4,55,100,11,3,2,46,61,,Skilled at moving materials between towns.,100,1100100
25,D Grade Trader,0,2,5,0,20,10000,1,2,3,6,2,0,14,2,25,165,12,2,10,11,16,2,10,11,15,2,10,11,42,1,2,1,3,3,1,0,0,13,4,25,200,60,6,4,25,200,5,2,4,30,100,150,6,4,25,200,8,2,4,25,150,6,2,4,25,200,5,2,4,25,200,5,2,4,99,100,0,4,4,30,100,20,4,4,30,100,5,3,4,30,100,5,2,4,30,100,15,3,4,30,100,20,4,1,77,,,Needed to run shops. Delivers service with a smile!,100,1100100
26,C Grade Trader,0,2,5,0,15,8000,1,2,3,6,3,0,14,2,26,166,12,2,10,11,16,2,10,11,15,2,10,11,42,1,3,2,3,3,1,2,1,13,4,25,200,75,6,4,25,200,6,2,4,35,100,185,6,4,25,200,12,2,4,30,150,7,2,4,25,200,6,2,4,25,200,6,2,4,99,100,0,4,4,35,100,26,4,4,35,100,6,3,4,35,100,6,2,4,35,100,19,3,4,35,100,26,4,1,77,,,Needed to run shops. Delivers service with a smile!,100,1100100
27,B Grade Trader,0,2,5,0,10,6000,1,2,3,6,4,0,14,2,27,167,12,2,10,11,16,2,10,11,15,2,10,11,42,1,4,3,3,3,1,4,2,13,4,30,200,90,7,4,30,200,6,2,4,40,100,230,6,4,30,200,18,2,4,30,150,9,2,4,30,200,8,2,4,30,200,8,2,4,99,100,0,4,4,40,100,33,4,4,40,100,7,3,4,40,100,7,2,4,40,100,24,3,4,40,100,33,4,1,77,,,Needed to run shops. Delivers service with a smile!,100,1100100
28,A Grade Trader,0,2,5,0,3,4000,1,2,3,6,5,0,14,2,28,168,12,2,10,11,16,2,10,11,15,2,10,11,42,1,5,4,3,3,1,8,3,13,4,30,200,110,9,4,30,200,6,3,4,45,100,285,7,4,30,200,26,3,4,35,150,11,2,4,30,200,12,2,4,30,200,12,2,4,99,100,0,4,4,45,100,42,4,4,45,100,9,3,4,45,100,9,2,4,45,100,31,3,4,45,100,42,4,2,77,64,,Needed to run shops. Delivers service with a smile!,100,1100100
29,S Grade Trader,0,2,5,0,0,-1,0,,,,6,0,14,2,29,169,12,2,10,11,16,2,10,11,15,2,10,11,42,1,7,5,3,3,1,12,4,13,4,35,200,135,12,4,35,200,6,5,4,55,100,355,9,4,35,200,38,4,4,40,150,14,3,4,35,200,18,3,4,35,200,18,3,4,99,100,0,4,4,55,100,54,5,4,55,100,11,4,4,55,100,11,3,4,55,100,40,4,4,55,100,54,5,2,65,77,,Needed to run shops. Delivers service with a smile!,100,1100100
30,D Grade Researcher,0,2,6,0,20,10000,1,2,3,7,2,0,14,2,30,170,12,2,12,13,16,2,12,13,15,2,12,13,152,1,2,1,3,3,2,0,0,13,4,25,200,55,6,4,25,200,5,2,4,30,100,100,5,4,25,200,8,2,4,25,150,4,2,4,25,200,5,2,4,25,200,5,2,4,99,100,0,4,4,30,100,20,4,4,30,100,5,4,4,30,100,5,1,4,30,100,15,1,4,30,100,20,2,1,47,,,Needed for research.,100,1100100
31,C Grade Researcher,0,2,6,0,15,8000,1,2,3,7,3,0,14,2,31,171,12,2,12,13,16,2,12,13,15,2,12,13,152,1,3,2,3,3,2,2,1,13,4,25,200,65,6,4,25,200,6,2,4,35,100,125,5,4,25,200,12,2,4,30,150,5,2,4,25,200,6,2,4,25,200,6,2,4,99,100,0,4,4,35,100,26,4,4,35,100,6,4,4,35,100,6,1,4,35,100,19,1,4,35,100,26,2,1,48,,,Needed for research.,100,1100100
32,B Grade Researcher,0,2,6,0,10,6000,1,2,3,7,4,0,14,2,32,172,12,2,12,13,16,2,12,13,15,2,12,13,152,1,4,3,3,3,2,4,2,13,4,30,200,80,7,4,30,200,6,2,4,40,100,155,5,4,30,200,18,2,4,30,150,6,2,4,30,200,8,2,4,30,200,8,2,4,99,100,0,4,4,40,100,33,4,4,40,100,7,4,4,40,100,7,1,4,40,100,24,1,4,40,100,33,2,1,49,,,Needed for research.,100,1100100
33,A Grade Researcher,0,2,6,0,3,4000,1,2,3,7,5,0,14,2,33,173,12,2,12,13,16,2,12,13,15,2,12,13,152,1,5,4,3,3,2,8,3,13,4,30,200,100,9,4,30,200,6,3,4,45,100,190,6,4,30,200,26,3,4,35,150,7,2,4,30,200,12,2,4,30,200,12,2,4,99,100,0,4,4,45,100,42,4,4,45,100,9,4,4,45,100,9,1,4,45,100,31,1,4,45,100,42,2,2,50,53,,Needed for research.,100,1100100
34,S Grade Researcher,0,2,6,0,0,-1,0,,,,6,0,14,2,34,174,12,2,12,13,16,2,12,13,15,2,12,13,152,1,7,5,3,3,2,12,4,13,4,35,200,125,12,4,35,200,6,5,4,55,100,235,8,4,35,200,38,4,4,40,150,9,3,4,35,200,18,3,4,35,200,18,3,4,99,100,0,4,4,55,100,54,5,4,55,100,11,5,4,55,100,11,2,4,55,100,40,2,4,55,100,54,3,2,51,53,,Needed for research.,100,1100100
35,D Grade Cook,0,2,7,0,20,10000,1,2,3,1,2,0,14,2,35,175,12,2,14,15,16,2,14,15,15,2,14,15,97,1,2,1,3,3,1,0,0,13,4,25,200,60,6,4,25,200,5,2,4,30,100,100,5,4,25,200,8,2,4,25,150,4,2,4,25,200,5,2,4,25,200,5,2,4,99,100,0,4,4,30,100,20,2,4,30,100,5,4,4,30,100,5,4,4,30,100,15,3,4,30,100,20,4,1,45,,,Needed for restaurants.,100,1100100
36,C Grade Cook,0,2,7,0,15,8000,1,2,3,1,3,0,14,2,36,176,12,2,14,15,16,2,14,15,15,2,14,15,97,1,3,2,3,3,1,2,1,13,4,25,200,75,6,4,25,200,6,2,4,35,100,125,5,4,25,200,12,2,4,30,150,5,2,4,25,200,6,2,4,25,200,6,2,4,99,100,0,4,4,35,100,26,2,4,35,100,6,4,4,35,100,6,4,4,35,100,19,3,4,35,100,26,4,1,45,,,Needed for restaurants.,100,1100100
37,B Grade Cook,0,2,7,0,10,6000,1,2,3,1,4,0,14,2,37,177,12,2,14,15,16,2,14,15,15,2,14,15,97,1,4,3,3,3,1,4,2,13,4,30,200,90,7,4,30,200,6,2,4,40,100,155,5,4,30,200,18,2,4,30,150,6,2,4,30,200,8,2,4,30,200,8,2,4,99,100,0,4,4,40,100,33,2,4,40,100,7,4,4,40,100,7,4,4,40,100,24,3,4,40,100,33,4,1,45,,,Needed for restaurants.,100,1100100
38,A Grade Cook,0,2,7,0,3,4000,1,2,3,1,5,0,14,2,38,178,12,2,14,15,16,2,14,15,15,2,14,15,97,1,5,4,3,3,1,8,3,13,4,30,200,110,9,4,30,200,6,3,4,45,100,190,6,4,30,200,26,3,4,35,150,7,2,4,30,200,12,2,4,30,200,12,2,4,99,100,0,4,4,45,100,42,2,4,45,100,9,4,4,45,100,9,4,4,45,100,31,3,4,45,100,42,4,2,45,64,,Needed for restaurants.,100,1100100
39,S Grade Cook,0,2,7,0,0,-1,0,,,,6,0,14,2,39,179,12,2,14,15,16,2,14,15,15,2,14,15,97,1,7,5,3,3,1,12,4,13,4,35,200,135,12,4,35,200,6,5,4,55,100,235,8,4,35,200,38,4,4,40,150,9,3,4,35,200,18,3,4,35,200,18,3,4,99,100,0,4,4,55,100,54,3,4,55,100,11,5,4,55,100,11,5,4,55,100,40,4,4,55,100,54,5,2,45,77,,Needed for restaurants.,100,1100100
40,D Grade Artisan,0,2,8,0,20,10000,1,2,3,2,2,0,14,2,40,180,12,2,16,17,16,2,16,17,15,2,16,17,47,1,2,1,3,3,1,0,0,13,4,25,200,65,6,4,25,200,5,2,4,30,100,100,5,4,25,200,8,2,4,25,150,4,2,4,25,200,5,2,4,25,200,5,2,4,99,100,0,4,4,30,100,20,2,4,30,100,5,4,4,30,100,5,3,4,30,100,15,2,4,30,100,20,2,1,54,,,Makes various household objects.,100,1100100
41,C Grade Artisan,0,2,8,0,15,8000,1,2,3,2,3,0,14,2,41,181,12,2,16,17,16,2,16,17,15,2,16,17,47,1,3,2,3,3,1,2,1,13,4,25,200,80,6,4,25,200,6,2,4,35,100,125,5,4,25,200,12,2,4,30,150,5,2,4,25,200,6,2,4,25,200,6,2,4,99,100,0,4,4,35,100,26,2,4,35,100,6,4,4,35,100,6,3,4,35,100,19,2,4,35,100,26,2,1,55,,,Makes various household objects.,100,1100100
42,B Grade Artisan,0,2,8,0,10,6000,1,2,3,2,4,0,14,2,42,182,12,2,16,17,16,2,16,17,15,2,16,17,47,1,4,3,3,3,1,4,2,13,4,30,200,100,7,4,30,200,6,2,4,40,100,155,5,4,30,200,18,2,4,30,150,6,2,4,30,200,8,2,4,30,200,8,2,4,99,100,0,4,4,40,100,33,2,4,40,100,7,4,4,40,100,7,3,4,40,100,24,2,4,40,100,33,2,1,56,,,Makes various household objects.,100,1100100
43,A Grade Artisan,0,2,8,0,3,4000,1,2,3,2,5,0,14,2,43,183,12,2,16,17,16,2,16,17,15,2,16,17,47,1,5,4,3,3,1,8,3,13,4,30,200,125,9,4,30,200,6,3,4,45,100,190,6,4,30,200,26,3,4,35,150,7,2,4,30,200,12,2,4,30,200,12,2,4,99,100,0,4,4,45,100,42,2,4,45,100,9,4,4,45,100,9,3,4,45,100,31,2,4,45,100,42,2,2,57,64,,Makes various household objects.,100,1100100
44,S Grade Artisan,0,2,8,0,0,-1,0,,,,6,0,14,2,44,184,12,2,16,17,16,2,16,17,15,2,16,17,47,1,7,5,3,3,1,12,4,13,4,35,200,155,12,4,35,200,6,5,4,55,100,235,8,4,35,200,38,4,4,40,150,9,3,4,35,200,18,3,4,35,200,18,3,4,99,100,0,4,4,55,100,54,3,4,55,100,11,5,4,55,100,11,4,4,55,100,40,3,4,55,100,54,3,2,58,60,,Makes various household objects.,100,1100100
45,D Grade Blacksmith,0,2,9,0,20,10000,1,2,3,3,2,0,14,2,45,185,12,2,18,19,16,2,18,19,15,2,18,19,87,1,2,1,3,3,1,0,0,13,4,25,200,70,6,4,25,200,5,2,4,30,100,100,5,4,25,200,8,2,4,25,150,4,2,4,25,200,5,2,4,25,200,5,2,4,99,100,0,4,4,30,100,20,4,4,30,100,5,5,4,30,100,5,1,4,30,100,15,1,4,30,100,20,3,1,54,,,Makes weapons and armor.,100,1100100
46,C Grade Blacksmith,0,2,9,0,15,8000,1,2,3,3,3,0,14,2,46,186,12,2,18,19,16,2,18,19,15,2,18,19,87,1,3,2,3,3,1,2,1,13,4,25,200,85,6,4,25,200,6,2,4,35,100,125,5,4,25,200,12,2,4,30,150,5,2,4,25,200,6,2,4,25,200,6,2,4,99,100,0,4,4,35,100,26,4,4,35,100,6,5,4,35,100,6,1,4,35,100,19,1,4,35,100,26,3,1,55,,,Makes weapons and armor.,100,1100100
47,B Grade Blacksmith,0,2,9,0,10,6000,1,2,3,3,4,0,14,2,47,187,12,2,18,19,16,2,18,19,15,2,18,19,87,1,4,3,3,3,1,4,2,13,4,30,200,105,7,4,30,200,6,2,4,40,100,155,5,4,30,200,18,2,4,30,150,6,2,4,30,200,8,2,4,30,200,8,2,4,99,100,0,4,4,40,100,33,4,4,40,100,7,5,4,40,100,7,1,4,40,100,24,1,4,40,100,33,3,1,56,,,Makes weapons and armor.,100,1100100
48,A Grade Blacksmith,0,2,9,0,3,4000,1,2,3,3,5,0,14,2,48,188,12,2,18,19,16,2,18,19,15,2,18,19,87,1,5,4,3,3,1,8,3,13,4,30,200,130,9,4,30,200,6,3,4,45,100,190,6,4,30,200,26,3,4,35,150,7,2,4,30,200,12,2,4,30,200,12,2,4,99,100,0,4,4,45,100,42,4,4,45,100,9,5,4,45,100,9,1,4,45,100,31,1,4,45,100,42,3,2,57,64,,Makes weapons and armor.,100,1100100
49,S Grade Blacksmith,0,2,9,0,0,-1,0,,,,6,0,14,2,49,189,12,2,18,19,16,2,18,19,15,2,18,19,87,1,7,5,3,3,1,12,4,13,4,35,200,160,12,4,35,200,6,5,4,55,100,235,8,4,35,200,38,4,4,40,150,9,3,4,35,200,18,3,4,35,200,18,3,4,99,100,0,4,4,55,100,54,5,4,55,100,11,6,4,55,100,11,2,4,55,100,40,2,4,55,100,54,4,2,58,60,,Makes weapons and armor.,100,1100100
50,D Grade Doctor,0,2,10,0,20,10000,1,2,3,4,2,0,14,2,50,190,12,2,20,21,16,2,20,21,15,2,20,21,102,1,2,1,3,3,2,0,0,13,4,25,200,65,6,4,25,200,5,2,4,30,100,100,5,4,25,200,8,2,4,25,150,4,2,4,25,200,5,2,4,25,200,5,2,4,99,100,0,4,4,30,100,20,5,4,30,100,5,3,4,30,100,5,1,4,30,100,15,1,4,30,100,20,2,1,37,,,A skilled healthcare professional.,104,1101000
51,C Grade Doctor,0,2,10,0,15,8000,1,2,3,4,3,0,14,2,51,191,12,2,20,21,16,2,20,21,15,2,20,21,102,1,3,2,3,3,2,2,1,13,4,25,200,80,6,4,25,200,6,2,4,35,100,125,5,4,25,200,12,2,4,30,150,5,2,4,25,200,6,2,4,25,200,6,2,4,99,100,0,4,4,35,100,26,5,4,35,100,6,3,4,35,100,6,1,4,35,100,19,1,4,35,100,26,2,1,37,,,A skilled healthcare professional.,104,1101000
52,B Grade Doctor,0,2,10,0,10,6000,1,2,3,4,4,0,14,2,52,192,12,2,20,21,16,2,20,21,15,2,20,21,102,1,4,3,3,3,2,4,2,13,4,30,200,100,7,4,30,200,6,2,4,40,100,155,5,4,30,200,18,2,4,30,150,6,2,4,30,200,8,2,4,30,200,8,2,4,99,100,0,4,4,40,100,33,5,4,40,100,7,3,4,40,100,7,1,4,40,100,24,1,4,40,100,33,2,1,38,,,A skilled healthcare professional.,104,1101000
53,A Grade Doctor,0,2,10,0,3,4000,1,2,3,4,5,0,14,2,53,193,12,2,20,21,16,2,20,21,15,2,20,21,102,1,5,4,3,3,2,8,3,13,4,30,200,125,9,4,30,200,6,3,4,45,100,190,6,4,30,200,26,3,4,35,150,7,2,4,30,200,12,2,4,30,200,12,2,4,99,100,0,4,4,45,100,42,5,4,45,100,9,3,4,45,100,9,1,4,45,100,31,1,4,45,100,42,2,2,38,64,,A skilled healthcare professional.,104,1101000
54,S Grade Doctor,0,2,10,0,0,-1,0,,,,6,0,14,2,54,194,12,2,20,21,16,2,20,21,15,2,20,21,102,1,7,5,3,3,2,12,4,13,4,35,200,155,12,4,35,200,6,5,4,55,100,235,8,4,35,200,38,4,4,40,150,9,3,4,35,200,18,3,4,35,200,18,3,4,99,100,0,4,4,55,100,54,6,4,55,100,11,4,4,55,100,11,2,4,55,100,40,2,4,55,100,54,3,2,39,40,,A skilled healthcare professional.,104,1101000
55,D Rank Monk,0,1,11,0,20,10000,1,2,3,5,2,0,14,2,55,195,12,2,22,23,16,2,22,23,15,2,22,23,52,1,2,1,3,3,3,0,0,13,4,25,200,75,7,4,25,200,12,2,4,30,100,100,5,4,25,200,8,2,4,25,150,4,2,4,25,200,5,2,4,25,200,5,2,4,99,100,0,4,4,30,100,20,4,4,30,100,5,3,4,30,100,5,1,4,30,100,15,1,4,30,100,20,4,1,37,,,Can revive and extend lifespans.,104,1101000
56,C Rank Monk,0,1,11,0,15,8000,1,2,3,5,3,0,14,2,56,196,12,2,22,23,16,2,22,23,15,2,22,23,52,1,3,2,3,3,3,2,1,13,4,25,200,90,7,4,25,200,14,2,4,35,100,125,5,4,25,200,12,2,4,30,150,5,2,4,25,200,6,2,4,25,200,6,2,4,99,100,0,4,4,35,100,26,4,4,35,100,6,3,4,35,100,6,1,4,35,100,19,1,4,35,100,26,4,1,37,,,Can revive and extend lifespans.,104,1101000
57,B Rank Monk,0,1,11,0,10,6000,1,2,3,5,4,0,14,2,57,197,12,2,22,23,16,2,22,23,15,2,22,23,52,1,4,3,3,3,3,4,2,13,4,30,200,110,8,4,30,200,16,2,4,40,100,155,5,4,30,200,18,2,4,30,150,6,2,4,30,200,8,2,4,30,200,8,2,4,99,100,0,4,4,40,100,33,4,4,40,100,7,3,4,40,100,7,1,4,40,100,24,1,4,40,100,33,4,1,38,,,Can revive and extend lifespans.,104,1101000
58,A Rank Monk,0,1,11,0,3,4000,1,2,3,5,5,0,14,2,58,198,12,2,22,23,16,2,22,23,15,2,22,23,52,1,5,4,3,3,3,8,3,13,4,30,200,135,10,4,30,200,20,3,4,45,100,190,6,4,30,200,26,3,4,35,150,7,2,4,30,200,12,2,4,30,200,12,2,4,99,100,0,4,4,45,100,42,4,4,45,100,9,3,4,45,100,9,1,4,45,100,31,1,4,45,100,42,4,2,38,64,,Can revive and extend lifespans.,104,1101000
59,S Rank Monk,0,1,11,0,0,-1,0,,,,6,0,14,2,59,199,12,2,22,23,16,2,22,23,15,2,22,23,52,1,7,5,3,3,3,12,4,13,4,35,200,165,13,4,35,200,24,5,4,55,100,235,8,4,35,200,38,4,4,40,150,9,3,4,35,200,18,3,4,35,200,18,3,4,99,100,0,4,4,55,100,54,5,4,55,100,11,4,4,55,100,11,2,4,55,100,40,2,4,55,100,54,5,2,39,40,,Can revive and extend lifespans.,104,1101000
60,D Rank Rancher,0,0,12,0,20,10000,1,2,3,6,2,0,14,2,60,200,12,2,24,25,16,2,24,25,15,2,24,25,107,1,2,1,4,4,2,0,0,13,4,25,200,70,6,4,25,200,5,2,4,30,100,100,5,4,25,200,8,2,4,25,150,4,2,4,25,200,5,2,4,25,200,5,2,4,99,100,0,4,4,30,100,10,2,4,30,100,25,2,4,30,100,20,4,4,30,100,15,4,4,30,100,20,3,1,52,,,Raises livestock.,96,1100000
61,C Rank Rancher,0,0,12,0,15,8000,1,2,3,6,3,0,14,2,61,201,12,2,24,25,16,2,24,25,15,2,24,25,107,1,3,2,4,4,2,2,1,13,4,25,200,85,6,4,25,200,6,2,4,35,100,125,5,4,25,200,12,2,4,30,150,5,2,4,25,200,6,2,4,25,200,6,2,4,99,100,0,4,4,35,100,13,2,4,35,100,32,2,4,35,100,26,4,4,35,100,19,4,4,35,100,26,3,1,52,,,Raises livestock.,96,1100000
62,B Rank Rancher,0,0,12,0,10,6000,1,2,3,6,4,0,14,2,62,202,12,2,24,25,16,2,24,25,15,2,24,25,107,1,4,3,4,4,2,4,2,13,4,30,200,105,7,4,30,200,6,2,4,40,100,155,5,4,30,200,18,2,4,30,150,6,2,4,30,200,8,2,4,30,200,8,2,4,99,100,0,4,4,40,100,16,2,4,40,100,41,2,4,40,100,33,4,4,40,100,24,4,4,40,100,33,3,1,52,,,Raises livestock.,96,1100000
63,A Rank Rancher,0,0,12,0,3,4000,1,2,3,6,5,0,14,2,63,203,12,2,24,25,16,2,24,25,15,2,24,25,107,1,5,4,4,4,2,8,3,13,4,30,200,130,9,4,30,200,6,3,4,45,100,190,6,4,30,200,26,3,4,35,150,7,2,4,30,200,12,2,4,30,200,12,2,4,99,100,0,4,4,45,100,20,2,4,45,100,53,2,4,45,100,42,4,4,45,100,31,4,4,45,100,42,3,2,52,64,,Raises livestock.,96,1100000
64,S Rank Rancher,0,0,12,0,0,-1,0,,,,6,0,14,2,64,204,12,2,24,25,16,2,24,25,15,2,24,25,107,1,7,5,4,4,2,12,4,13,4,35,200,160,12,4,35,200,6,5,4,55,100,235,8,4,35,200,38,4,4,40,150,9,3,4,35,200,18,3,4,35,200,18,3,4,99,100,0,4,4,55,100,26,3,4,55,100,68,3,4,55,100,54,5,4,55,100,40,5,4,55,100,54,4,2,52,61,,Raises livestock.,96,1100000
65,D Rank Guard,0,1,13,0,20,10000,1,2,3,7,2,1,14,2,70,210,12,2,28,29,16,2,28,29,15,2,28,29,72,177,2,1,7,5,2,0,0,13,4,30,100,90,7,4,25,200,5,2,4,25,200,50,4,4,30,100,10,2,4,30,100,8,2,4,30,100,24,2,4,30,100,20,2,4,99,100,0,5,4,25,200,3,2,4,25,200,3,2,4,25,200,6,2,4,25,200,5,2,4,25,200,5,2,1,27,,,A well-balanced soldier protecting the town.,101,1100101
66,C Rank Guard,0,1,13,0,15,8000,1,2,3,7,3,0,14,2,71,211,12,2,28,29,16,2,28,29,15,2,28,29,72,177,3,2,7,5,2,2,1,13,4,35,100,110,7,4,25,200,6,2,4,25,200,60,4,4,35,100,12,2,4,35,100,10,2,4,35,100,30,2,4,35,100,30,2,4,99,100,0,5,4,25,200,3,2,4,25,200,3,2,4,25,200,7,2,4,25,200,6,2,4,25,200,6,2,1,27,,,A well-balanced soldier protecting the town.,100,1100100
67,B Rank Guard,0,1,13,0,10,6000,1,2,3,7,4,0,14,2,72,212,12,2,28,29,16,2,28,29,15,2,28,29,72,177,4,3,7,5,2,5,2,13,4,40,100,135,8,4,30,200,6,2,4,30,200,75,4,4,40,100,14,2,4,40,100,13,2,4,40,100,36,2,4,40,100,44,2,4,99,100,0,5,4,30,200,3,2,4,30,200,3,2,4,30,200,9,2,4,30,200,7,2,4,30,200,7,2,1,27,,,A well-balanced soldier protecting the town.,100,1100100
68,A Rank Guard,0,1,13,0,3,4000,1,2,3,7,5,0,14,2,73,213,12,2,28,29,16,2,28,29,15,2,28,29,72,177,5,4,7,5,2,10,3,13,4,45,100,165,10,4,30,200,6,3,4,30,200,90,5,4,45,100,16,3,4,45,100,16,2,4,45,100,44,2,4,45,100,66,2,4,99,100,0,5,4,30,200,3,2,4,30,200,3,2,4,30,200,11,2,4,30,200,9,2,4,30,200,9,2,1,27,,,A well-balanced soldier protecting the town.,100,1100100
69,S Rank Guard,0,1,13,0,0,-1,0,,,,6,0,14,2,74,214,12,2,28,29,16,2,28,29,15,2,28,29,72,177,7,5,7,5,2,15,4,13,4,55,100,205,13,4,35,200,6,5,4,35,200,110,7,4,55,100,20,4,4,55,100,20,3,4,55,100,54,3,4,55,100,98,3,4,99,100,0,5,4,35,200,3,3,4,35,200,3,3,4,35,200,14,3,4,35,200,11,3,4,35,200,11,3,2,27,28,,A well-balanced soldier protecting the town.,100,1100100
70,D Rank Knight,0,1,14,0,20,10000,1,2,3,1,2,0,14,2,75,215,12,2,30,31,16,2,30,31,15,2,30,31,112,177,2,1,5,5,2,0,0,13,4,30,100,95,7,4,25,200,5,2,4,25,200,50,4,4,30,100,15,2,4,30,100,6,2,4,30,100,20,2,4,30,100,25,2,4,99,100,0,5,4,25,200,4,2,4,25,200,2,2,4,25,200,4,2,4,25,200,5,2,4,25,200,5,2,1,33,,,Specializes in attack rather than defense.,100,1100100
71,C Rank Knight,0,1,14,0,15,8000,1,2,3,1,3,0,14,2,76,216,12,2,30,31,16,2,30,31,15,2,30,31,112,177,3,2,5,5,2,2,1,13,4,35,100,115,7,4,25,200,6,2,4,25,200,60,4,4,35,100,18,2,4,35,100,7,2,4,35,100,24,2,4,35,100,36,2,4,99,100,0,5,4,25,200,5,2,4,25,200,2,2,4,25,200,5,2,4,25,200,6,2,4,25,200,6,2,1,33,,,Specializes in attack rather than defense.,100,1100100
72,B Rank Knight,0,1,14,0,10,6000,1,2,3,1,4,0,14,2,77,217,12,2,30,31,16,2,30,31,15,2,30,31,112,177,4,3,5,5,2,5,2,13,4,40,100,140,8,4,30,200,6,2,4,30,200,75,4,4,40,100,22,2,4,40,100,9,2,4,40,100,30,2,4,40,100,54,2,4,99,100,0,5,4,30,200,6,2,4,30,200,2,2,4,30,200,6,2,4,30,200,7,2,4,30,200,7,2,1,33,,,Specializes in attack rather than defense.,100,1100100
73,A Rank Knight,0,1,14,0,3,4000,1,2,3,1,5,0,14,2,78,218,12,2,30,31,16,2,30,31,15,2,30,31,112,177,5,4,5,5,2,10,3,13,4,45,100,175,10,4,30,200,6,3,4,30,200,90,5,4,45,100,26,3,4,45,100,11,2,4,45,100,36,2,4,45,100,80,2,4,99,100,0,5,4,30,200,7,2,4,30,200,2,2,4,30,200,7,2,4,30,200,9,2,4,30,200,9,2,1,33,,,Specializes in attack rather than defense.,100,1100100
74,S Rank Knight,0,1,14,0,0,-1,0,,,,6,0,14,2,79,219,12,2,30,31,16,2,30,31,15,2,30,31,112,177,7,5,5,5,2,15,4,13,4,55,100,215,13,4,35,200,6,5,4,35,200,110,7,4,55,100,32,4,4,55,100,14,3,4,55,100,44,3,4,55,100,120,3,4,99,100,0,5,4,35,200,9,3,4,35,200,2,3,4,35,200,9,3,4,35,200,11,3,4,35,200,11,3,2,33,30,,Specializes in attack rather than defense.,100,1100100
75,D Rank Mage,0,2,15,0,20,10000,1,2,3,2,2,0,14,2,80,220,12,2,32,33,16,2,32,33,15,2,32,33,22,1,2,1,6,3,3,0,0,13,4,30,100,70,6,4,30,100,25,2,4,25,200,50,4,4,25,200,6,2,4,25,200,5,2,4,30,100,18,2,4,30,100,15,2,4,99,100,0,5,4,30,100,17,3,4,25,200,15,4,4,25,200,1,2,4,25,200,4,2,4,25,200,5,2,1,5,,,Skilled in the use of magic.,116,1110100
76,C Rank Mage,0,2,15,0,15,8000,1,2,3,2,3,0,14,2,81,221,12,2,32,33,16,2,32,33,15,2,32,33,22,1,3,2,6,3,3,2,1,13,4,35,100,85,6,4,35,100,30,2,4,25,200,60,4,4,25,200,6,2,4,25,200,6,2,4,35,100,22,2,4,35,100,22,2,4,99,100,0,5,4,35,100,22,3,4,25,200,19,4,4,25,200,1,2,4,25,200,5,2,4,25,200,6,2,1,5,,,Skilled in the use of magic.,116,1110100
77,B Rank Mage,0,2,15,0,10,6000,1,2,3,2,4,0,14,2,82,222,12,2,32,33,16,2,32,33,15,2,32,33,22,1,4,3,6,3,3,5,2,13,4,40,100,105,7,4,40,100,36,2,4,30,200,75,4,4,30,200,6,2,4,30,200,7,2,4,40,100,26,2,4,40,100,32,2,4,99,100,0,5,4,40,100,28,3,4,30,200,24,4,4,30,200,1,2,4,30,200,6,2,4,30,200,7,2,1,5,,,Skilled in the use of magic.,100,1100100
78,A Rank Mage,0,2,15,0,3,4000,1,2,3,2,5,0,14,2,83,223,12,2,32,33,16,2,32,33,15,2,32,33,22,1,5,4,6,3,3,10,3,13,4,45,100,130,9,4,45,100,44,3,4,30,200,90,5,4,30,200,6,3,4,30,200,9,2,4,45,100,32,2,4,45,100,48,2,4,99,100,0,5,4,45,100,36,3,4,30,200,31,4,4,30,200,1,2,4,30,200,7,2,4,30,200,9,2,1,6,,,Skilled in the use of magic.,100,1100100
79,S Rank Mage,0,2,15,0,0,-1,0,,,,6,0,14,2,84,224,12,2,32,33,16,2,32,33,15,2,32,33,22,1,7,5,6,3,3,15,4,13,4,55,100,160,12,4,55,100,54,5,4,35,200,110,7,4,35,200,6,4,4,35,200,11,3,4,55,100,40,3,4,55,100,72,3,4,99,100,0,5,4,55,100,46,4,4,35,200,40,5,4,35,200,1,3,4,35,200,9,3,4,35,200,11,3,1,7,,,Skilled in the use of magic.,100,1100100
80,D Rank Paladin,0,1,16,0,20,10000,1,2,3,3,2,0,14,2,85,225,12,2,34,35,16,2,34,35,15,2,34,35,117,177,2,1,5,3,1,0,0,13,4,30,100,100,8,4,25,200,5,2,4,25,200,50,4,4,30,100,13,2,4,30,100,12,2,4,30,100,15,2,4,30,100,15,2,4,99,100,0,5,4,25,200,2,2,4,25,200,2,2,4,25,200,1,2,4,25,200,3,2,4,25,200,5,2,1,28,,,A warrior with superior defense abilities.,116,1110100
81,C Rank Paladin,0,1,16,0,15,8000,1,2,3,3,3,0,14,2,86,226,12,2,34,35,16,2,34,35,15,2,34,35,117,177,3,2,6,3,1,2,1,13,4,35,100,125,8,4,25,200,6,2,4,25,200,60,4,4,35,100,16,2,4,35,100,15,2,4,35,100,18,2,4,35,100,22,2,4,99,100,0,5,4,25,200,2,2,4,25,200,2,2,4,25,200,1,2,4,25,200,3,2,4,25,200,6,2,1,28,,,A warrior with superior defense abilities.,116,1110100
82,B Rank Paladin,0,1,16,0,10,6000,1,2,3,3,4,0,14,2,87,227,12,2,34,35,16,2,34,35,15,2,34,35,117,177,4,3,6,3,1,5,2,13,4,40,100,155,9,4,30,200,6,2,4,30,200,75,4,4,40,100,20,2,4,40,100,19,2,4,40,100,22,2,4,40,100,32,2,4,99,100,0,5,4,30,200,2,2,4,30,200,2,2,4,30,200,1,2,4,30,200,3,2,4,30,200,7,2,1,28,,,A warrior with superior defense abilities.,100,1100100
83,A Rank Paladin,0,1,16,0,3,4000,1,2,3,3,5,0,14,2,88,228,12,2,34,35,16,2,34,35,15,2,34,35,117,177,5,4,6,3,1,10,3,13,4,45,100,190,11,4,30,200,6,3,4,30,200,90,5,4,45,100,24,3,4,45,100,24,2,4,45,100,26,2,4,45,100,48,2,4,99,100,0,5,4,30,200,2,2,4,30,200,2,2,4,30,200,1,2,4,30,200,3,2,4,30,200,9,2,1,28,,,A warrior with superior defense abilities.,100,1100100
84,S Rank Paladin,0,1,16,0,0,-1,0,,,,6,0,14,2,89,229,12,2,34,35,16,2,34,35,15,2,34,35,117,177,7,5,6,3,1,15,4,13,4,55,100,235,14,4,35,200,6,5,4,35,200,110,7,4,55,100,30,4,4,55,100,31,3,4,55,100,32,3,4,55,100,72,3,4,99,100,0,5,4,35,200,2,3,4,35,200,2,3,4,35,200,1,3,4,35,200,3,3,4,35,200,11,3,2,28,20,,A warrior with superior defense abilities.,100,1100100
85,D Rank Gunner,0,1,17,0,20,10000,1,2,3,4,2,0,14,2,90,230,12,2,36,37,16,2,36,37,15,2,36,37,157,1,2,1,9,5,2,0,0,13,4,30,100,75,7,4,30,100,5,2,4,25,200,50,4,4,30,100,10,2,4,25,200,5,2,4,30,100,18,2,4,30,100,20,2,4,99,100,0,5,4,25,200,9,2,4,25,200,4,2,4,25,200,4,2,4,25,200,6,2,4,25,200,5,2,1,22,,,Skilled at using guns for long-range attacks.,116,1110100
86,C Rank Gunner,0,1,17,0,15,8000,1,2,3,4,3,0,14,2,91,231,12,2,36,37,16,2,36,37,15,2,36,37,157,1,3,2,9,5,2,2,1,13,4,35,100,90,7,4,35,100,6,2,4,25,200,60,4,4,35,100,12,2,4,25,200,6,2,4,35,100,22,2,4,35,100,30,2,4,99,100,0,5,4,25,200,11,2,4,25,200,5,2,4,25,200,5,2,4,25,200,7,2,4,25,200,6,2,1,22,,,Skilled at using guns for long-range attacks.,116,1110100
87,B Rank Gunner,0,1,17,0,10,6000,1,2,3,4,4,0,14,2,92,232,12,2,36,37,16,2,36,37,15,2,36,37,157,1,4,3,9,5,2,5,2,13,4,40,100,110,8,4,40,100,6,2,4,30,200,75,4,4,40,100,14,2,4,30,200,7,2,4,40,100,26,2,4,40,100,44,2,4,99,100,0,5,4,30,200,14,2,4,30,200,6,2,4,30,200,6,2,4,30,200,9,2,4,30,200,7,2,1,22,,,Skilled at using guns for long-range attacks.,100,1100100
88,A Rank Gunner,0,1,17,0,3,4000,1,2,3,4,5,0,14,2,93,233,12,2,36,37,16,2,36,37,15,2,36,37,157,1,5,4,9,5,2,10,3,13,4,45,100,135,10,4,45,100,6,3,4,30,200,90,5,4,45,100,16,3,4,30,200,9,2,4,45,100,32,2,4,45,100,66,2,4,99,100,0,5,4,30,200,18,2,4,30,200,7,2,4,30,200,7,2,4,30,200,11,2,4,30,200,9,2,2,22,31,,Skilled at using guns for long-range attacks.,100,1100100
89,S Rank Gunner,0,1,17,0,0,-1,0,,,,6,0,14,2,94,234,12,2,36,37,16,2,36,37,15,2,36,37,157,1,7,5,9,5,2,15,4,13,4,55,100,165,13,4,55,100,6,5,4,35,200,110,7,4,55,100,20,4,4,35,200,11,3,4,55,100,40,3,4,55,100,98,3,4,99,100,0,5,4,35,200,23,3,4,35,200,9,3,4,35,200,9,3,4,35,200,14,3,4,35,200,11,3,2,23,31,,Skilled at using guns for long-range attacks.,100,1100100
90,D Rank Archer,0,1,18,0,20,10000,1,2,3,5,2,0,14,2,95,235,12,2,38,39,16,2,38,39,15,2,38,39,162,1,2,1,8,5,2,0,0,13,4,30,100,80,7,4,30,100,5,2,4,25,200,50,4,4,30,100,9,2,4,25,200,5,2,4,30,100,20,2,4,30,100,20,2,4,99,100,0,5,4,25,200,7,2,4,25,200,5,2,4,25,200,5,2,4,25,200,8,2,4,25,200,5,2,1,4,,,Skilled at using bows for long-range attacks.,84,1010100
91,C Rank Archer,0,1,18,0,15,8000,1,2,3,5,3,0,14,2,96,236,12,2,38,39,16,2,38,39,15,2,38,39,162,1,3,2,8,5,2,2,1,13,4,35,100,100,7,4,35,100,6,2,4,25,200,60,4,4,35,100,10,2,4,25,200,6,2,4,35,100,24,2,4,35,100,30,2,4,99,100,0,5,4,25,200,9,2,4,25,200,6,2,4,25,200,6,2,4,25,200,10,2,4,25,200,6,2,1,4,,,Skilled at using bows for long-range attacks.,84,1010100
92,B Rank Archer,0,1,18,0,10,6000,1,2,3,5,4,0,14,2,97,237,12,2,38,39,16,2,38,39,15,2,38,39,162,1,4,3,8,5,2,5,2,13,4,40,100,125,8,4,40,100,6,2,4,30,200,75,4,4,40,100,12,2,4,30,200,7,2,4,40,100,30,2,4,40,100,44,2,4,99,100,0,5,4,30,200,11,2,4,30,200,7,2,4,30,200,7,2,4,30,200,13,2,4,30,200,7,2,1,4,,,Skilled at using bows for long-range attacks.,68,1000100
93,A Rank Archer,0,1,18,0,3,4000,1,2,3,5,5,0,14,2,98,238,12,2,38,39,16,2,38,39,15,2,38,39,162,1,5,4,8,5,2,10,3,13,4,45,100,155,10,4,45,100,6,3,4,30,200,90,5,4,45,100,14,3,4,30,200,9,2,4,45,100,36,2,4,45,100,66,2,4,99,100,0,5,4,30,200,14,2,4,30,200,9,2,4,30,200,9,2,4,30,200,16,2,4,30,200,9,2,1,4,,,Skilled at using bows for long-range attacks.,68,1000100
94,S Rank Archer,0,1,18,0,0,-1,0,,,,6,0,14,2,99,239,12,2,38,39,16,2,38,39,15,2,38,39,162,1,7,5,8,5,2,15,4,13,4,55,100,190,13,4,55,100,6,5,4,35,200,110,7,4,55,100,16,4,4,35,200,11,3,4,55,100,44,3,4,55,100,98,3,4,99,100,0,5,4,35,200,18,3,4,35,200,11,3,4,35,200,11,3,4,35,200,20,3,4,35,200,11,3,2,4,36,,Skilled at using bows for long-range attacks.,68,1000100
95,D Rank Ninja,0,1,19,0,20,10000,1,2,3,6,2,0,14,2,100,240,12,2,40,41,16,2,40,41,15,2,40,41,122,1,2,1,8,7,3,0,0,13,4,30,100,90,7,4,30,100,20,2,4,25,200,50,4,4,30,100,15,2,4,25,200,5,2,4,30,100,40,2,4,30,100,30,2,4,99,100,0,5,4,25,200,12,2,4,25,200,6,2,4,25,200,8,2,4,25,200,30,2,4,25,200,5,2,1,22,,,A master of speed and stealth.,84,1010100
96,C Rank Ninja,0,1,19,0,15,8000,1,2,3,6,3,0,14,2,101,241,12,2,40,41,16,2,40,41,15,2,40,41,122,1,3,2,8,7,3,2,1,13,4,35,100,110,7,4,35,100,24,2,4,25,200,60,4,4,35,100,18,2,4,25,200,6,2,4,35,100,50,2,4,35,100,44,2,4,99,100,0,5,4,25,200,15,2,4,25,200,7,2,4,25,200,10,2,4,25,200,39,2,4,25,200,6,2,1,22,,,A master of speed and stealth.,84,1010100
97,B Rank Ninja,0,1,19,0,10,6000,1,2,3,6,4,0,14,2,102,242,12,2,40,41,16,2,40,41,15,2,40,41,122,1,4,3,8,7,3,5,2,13,4,40,100,135,8,4,40,100,30,2,4,30,200,75,4,4,40,100,22,2,4,30,200,7,2,4,40,100,62,2,4,40,100,66,2,4,99,100,0,5,4,30,200,19,2,4,30,200,9,2,4,30,200,13,2,4,30,200,50,2,4,30,200,7,2,1,22,,,A master of speed and stealth.,68,1000100
98,A Rank Ninja,0,1,19,0,3,4000,1,2,3,6,5,0,14,2,103,243,12,2,40,41,16,2,40,41,15,2,40,41,122,1,5,4,8,7,3,10,3,13,4,45,100,165,10,4,45,100,36,3,4,30,200,90,5,4,45,100,26,3,4,30,200,9,2,4,45,100,76,2,4,45,100,98,2,4,99,100,0,5,4,30,200,24,2,4,30,200,11,2,4,30,200,16,2,4,30,200,65,2,4,30,200,9,2,2,22,44,,A master of speed and stealth.,68,1000100
99,S Rank Ninja,0,1,19,0,0,-1,0,,,,6,0,14,2,104,244,12,2,40,41,16,2,40,41,15,2,40,41,122,1,7,5,8,7,3,15,4,13,4,55,100,205,13,4,55,100,44,5,4,35,200,110,7,4,55,100,32,4,4,35,200,11,3,4,55,100,94,3,4,55,100,146,3,4,99,100,0,5,4,35,200,31,3,4,35,200,14,3,4,35,200,20,3,4,35,200,84,3,4,35,200,11,3,3,23,29,44,A master of speed and stealth.,68,1000100
100,D Rank Samurai,0,1,20,0,20,10000,1,2,3,7,2,0,14,2,105,245,12,2,42,43,16,2,42,43,15,2,42,43,127,1,2,1,5,4,4,0,0,13,4,30,100,95,7,4,25,200,5,2,4,25,200,50,4,4,30,100,18,2,4,25,200,3,2,4,30,100,26,2,4,30,100,35,2,4,99,100,0,5,4,25,200,4,2,4,25,200,4,2,4,25,200,2,2,4,25,200,8,2,4,25,200,5,2,1,31,,,A warrior skilled in close-range combat.,84,1010100
101,C Rank Samurai,0,1,20,0,15,8000,1,2,3,7,3,0,14,2,106,246,12,2,42,43,16,2,42,43,15,2,42,43,127,1,3,2,5,4,4,2,1,13,4,35,100,115,7,4,25,200,6,2,4,25,200,60,4,4,35,100,22,2,4,25,200,3,2,4,35,100,32,2,4,35,100,52,2,4,99,100,0,5,4,25,200,5,2,4,25,200,5,2,4,25,200,2,2,4,25,200,10,2,4,25,200,6,2,1,31,,,A warrior skilled in close-range combat.,84,1010100
102,B Rank Samurai,0,1,20,0,10,6000,1,2,3,7,4,0,14,2,107,247,12,2,42,43,16,2,42,43,15,2,42,43,127,1,4,3,5,4,4,5,2,13,4,40,100,140,8,4,30,200,6,2,4,30,200,75,4,4,40,100,26,2,4,30,200,3,2,4,40,100,40,2,4,40,100,78,2,4,99,100,0,5,4,30,200,6,2,4,30,200,6,2,4,30,200,2,2,4,30,200,13,2,4,30,200,7,2,1,31,,,A warrior skilled in close-range combat.,68,1000100
103,A Rank Samurai,0,1,20,0,3,4000,1,2,3,7,5,0,14,2,108,248,12,2,42,43,16,2,42,43,15,2,42,43,127,1,5,4,5,4,4,10,3,13,4,45,100,175,10,4,30,200,6,3,4,30,200,90,5,4,45,100,32,3,4,30,200,3,2,4,45,100,50,2,4,45,100,116,2,4,99,100,0,5,4,30,200,7,2,4,30,200,7,2,4,30,200,2,2,4,30,200,16,2,4,30,200,9,2,1,31,,,A warrior skilled in close-range combat.,68,1000100
104,S Rank Samurai,0,1,20,0,0,-1,0,,,,6,0,14,2,109,249,12,2,42,43,16,2,42,43,15,2,42,43,127,1,7,5,5,4,4,15,4,13,4,55,100,215,13,4,35,200,6,5,4,35,200,110,7,4,55,100,40,4,4,35,200,3,3,4,55,100,62,3,4,55,100,174,3,4,99,100,0,5,4,35,200,9,3,4,35,200,9,3,4,35,200,2,3,4,35,200,20,3,4,35,200,11,3,2,32,30,,A warrior skilled in close-range combat.,68,1000100
105,D Rank Viking,0,1,21,0,20,10000,1,2,3,1,2,0,14,2,110,250,12,2,44,45,16,2,44,45,15,2,44,45,167,1,2,1,7,5,3,0,0,13,4,30,100,110,8,4,25,200,5,2,4,25,200,50,4,4,30,100,17,2,4,25,200,6,2,4,30,100,18,2,4,30,100,35,2,4,99,100,0,5,4,25,200,2,2,4,25,200,2,2,4,25,200,10,2,4,25,200,10,2,4,25,200,5,2,1,26,,,A warrior skilled at countering enemy's attacks.,84,1010100
106,C Rank Viking,0,1,21,0,15,8000,1,2,3,1,3,0,14,2,111,251,12,2,44,45,16,2,44,45,15,2,44,45,167,1,3,2,7,5,3,2,1,13,4,35,100,135,8,4,25,200,6,2,4,25,200,60,4,4,35,100,20,2,4,25,200,7,2,4,35,100,22,2,4,35,100,52,2,4,99,100,0,5,4,25,200,2,2,4,25,200,2,2,4,25,200,13,2,4,25,200,13,2,4,25,200,6,2,1,26,,,A warrior skilled at countering enemy's attacks.,84,1010100
107,B Rank Viking,0,1,21,0,10,6000,1,2,3,1,4,0,14,2,112,252,12,2,44,45,16,2,44,45,15,2,44,45,167,1,4,3,7,5,3,5,2,13,4,40,100,165,9,4,30,200,6,2,4,30,200,75,4,4,40,100,24,2,4,30,200,9,2,4,40,100,26,2,4,40,100,78,2,4,99,100,0,5,4,30,200,2,2,4,30,200,2,2,4,30,200,16,2,4,30,200,16,2,4,30,200,7,2,1,26,,,A warrior skilled at countering enemy's attacks.,68,1000100
108,A Rank Viking,0,1,21,0,3,4000,1,2,3,1,5,0,14,2,113,253,12,2,44,45,16,2,44,45,15,2,44,45,167,1,5,4,7,5,3,10,3,13,4,45,100,205,11,4,30,200,6,3,4,30,200,90,5,4,45,100,30,3,4,30,200,11,2,4,45,100,32,2,4,45,100,116,2,4,99,100,0,5,4,30,200,2,2,4,30,200,2,2,4,30,200,20,2,4,30,200,20,2,4,30,200,9,2,1,26,,,A warrior skilled at countering enemy's attacks.,68,1000100
109,S Rank Viking,0,1,21,0,0,-1,0,,,,6,0,14,2,114,254,12,2,44,45,16,2,44,45,15,2,44,45,167,1,7,5,7,5,3,15,4,13,4,55,100,255,14,4,35,200,6,5,4,35,200,110,7,4,55,100,36,4,4,35,200,14,3,4,55,100,40,3,4,55,100,174,3,4,99,100,0,5,4,35,200,2,3,4,35,200,2,3,4,35,200,26,3,4,35,200,26,3,4,35,200,11,3,2,26,30,,A warrior skilled at countering enemy's attacks.,68,1000100
110,D Rank Pirate,0,1,22,0,20,10000,1,2,3,7,2,0,14,2,115,255,12,2,46,47,16,2,46,47,15,2,46,47,132,1,2,1,7,5,4,0,0,13,4,30,100,100,8,4,25,200,5,2,4,25,200,50,4,4,30,100,16,2,4,25,200,5,2,4,30,100,20,2,4,30,100,25,2,4,99,100,0,5,4,25,200,7,2,4,25,200,3,2,4,25,200,5,2,4,25,200,6,2,4,25,200,5,2,1,33,,,A warrior skilled at attacking several foes at once.,84,1010100
111,C Rank Pirate,0,1,22,0,15,8000,1,2,3,7,3,0,14,2,116,256,12,2,46,47,16,2,46,47,15,2,46,47,132,1,3,2,7,5,4,2,1,13,4,35,100,125,8,4,25,200,6,2,4,25,200,60,4,4,35,100,20,2,4,25,200,6,2,4,35,100,24,2,4,35,100,36,2,4,99,100,0,5,4,25,200,9,2,4,25,200,3,2,4,25,200,6,2,4,25,200,7,2,4,25,200,6,2,1,33,,,A warrior skilled at attacking several foes at once.,84,1010100
112,B Rank Pirate,0,1,22,0,10,6000,1,2,3,7,4,0,14,2,117,257,12,2,46,47,16,2,46,47,15,2,46,47,132,1,4,3,7,5,4,5,2,13,4,40,100,155,9,4,30,200,6,2,4,30,200,75,4,4,40,100,24,2,4,30,200,7,2,4,40,100,30,2,4,40,100,54,2,4,99,100,0,5,4,30,200,11,2,4,30,200,3,2,4,30,200,7,2,4,30,200,9,2,4,30,200,7,2,1,33,,,A warrior skilled at attacking several foes at once.,68,1000100
113,A Rank Pirate,0,1,22,0,3,4000,1,2,3,7,5,0,14,2,118,258,12,2,46,47,16,2,46,47,15,2,46,47,132,1,5,4,7,5,4,10,3,13,4,45,100,190,11,4,30,200,6,3,4,30,200,90,5,4,45,100,30,3,4,30,200,9,2,4,45,100,36,2,4,45,100,80,2,4,99,100,0,5,4,30,200,14,2,4,30,200,3,2,4,30,200,9,2,4,30,200,11,2,4,30,200,9,2,2,33,44,,A warrior skilled at attacking several foes at once.,68,1000100
114,S Rank Pirate,0,1,22,0,0,-1,0,,,,6,0,14,2,119,259,12,2,46,47,16,2,46,47,15,2,46,47,132,1,7,5,7,5,4,15,4,13,4,55,100,235,14,4,35,200,6,5,4,35,200,110,7,4,55,100,36,4,4,35,200,11,3,4,55,100,44,3,4,55,100,120,3,4,99,100,0,5,4,35,200,18,3,4,35,200,3,3,4,35,200,11,3,4,35,200,14,3,4,35,200,11,3,3,34,10,44,A warrior skilled at attacking several foes at once.,68,1000100
115,D Rank Champion,0,1,23,0,20,10000,1,2,3,1,2,0,14,2,120,260,12,2,48,49,16,2,48,49,15,2,48,49,137,1,2,1,7,7,2,0,0,13,4,30,100,120,9,4,30,100,20,2,4,25,200,50,4,4,30,100,17,2,4,30,100,9,2,4,30,100,25,2,4,30,100,40,2,4,99,100,0,5,4,25,200,10,2,4,25,200,2,2,4,25,200,3,2,4,25,200,5,2,4,25,200,5,2,1,15,,,A well-balanced warrior who can also use magic.,84,1010100
116,C Rank Champion,0,1,23,0,15,8000,1,2,3,1,3,0,14,2,121,261,12,2,48,49,16,2,48,49,15,2,48,49,137,1,3,2,7,7,2,2,1,13,4,35,100,150,9,4,35,100,24,2,4,25,200,60,4,4,35,100,20,2,4,35,100,11,2,4,35,100,30,2,4,35,100,60,2,4,99,100,0,5,4,25,200,13,2,4,25,200,2,2,4,25,200,3,2,4,25,200,6,2,4,25,200,6,2,1,15,,,A well-balanced warrior who can also use magic.,84,1010100
117,B Rank Champion,0,1,23,0,10,6000,1,2,3,1,4,0,14,2,122,262,12,2,48,49,16,2,48,49,15,2,48,49,137,1,4,3,7,7,2,5,2,13,4,40,100,185,10,4,40,100,30,2,4,30,200,75,4,4,40,100,24,2,4,40,100,14,2,4,40,100,36,2,4,40,100,90,2,4,99,100,0,5,4,30,200,16,2,4,30,200,2,2,4,30,200,3,2,4,30,200,7,2,4,30,200,7,2,1,15,,,A well-balanced warrior who can also use magic.,68,1000100
118,A Rank Champion,0,1,23,0,3,4000,1,2,3,1,5,0,14,2,123,263,12,2,48,49,16,2,48,49,15,2,48,49,137,1,5,4,7,7,2,10,3,13,4,45,100,230,12,4,45,100,36,3,4,30,200,90,5,4,45,100,30,3,4,45,100,18,2,4,45,100,44,2,4,45,100,134,2,4,99,100,0,5,4,30,200,20,2,4,30,200,2,2,4,30,200,3,2,4,30,200,9,2,4,30,200,9,2,2,16,22,,A well-balanced warrior who can also use magic.,68,1000100
119,S Rank Champion,0,1,23,0,0,-1,0,,,,6,0,14,2,124,264,12,2,48,49,16,2,48,49,15,2,48,49,137,1,7,5,7,7,2,15,4,13,4,55,100,285,15,4,55,100,44,5,4,35,200,110,7,4,55,100,36,4,4,55,100,23,3,4,55,100,54,3,4,55,100,200,3,4,99,100,0,5,4,35,200,26,3,4,35,200,2,3,4,35,200,3,3,4,35,200,11,3,4,35,200,11,3,2,17,22,,A well-balanced warrior who can also use magic.,68,1000100
120,D Rank Wizard,0,1,24,0,20,10000,1,2,3,1,2,0,14,2,125,265,12,2,50,51,16,2,50,51,15,2,50,51,27,1,2,1,7,5,4,0,0,13,4,30,100,80,7,4,30,100,20,2,4,25,200,50,4,4,25,200,7,2,4,25,200,4,2,4,30,100,15,2,4,30,100,10,2,4,99,100,0,5,4,30,100,22,4,4,25,200,18,3,4,25,200,3,2,4,25,200,7,2,4,25,200,5,2,1,10,,,A master of the most powerful spells.,84,1010100
121,C Rank Wizard,0,1,24,0,15,8000,1,2,3,1,3,0,14,2,126,266,12,2,50,51,16,2,50,51,15,2,50,51,27,1,3,2,7,5,4,2,1,13,4,35,100,100,7,4,35,100,24,2,4,25,200,60,4,4,25,200,8,2,4,25,200,5,2,4,35,100,18,2,4,35,100,14,2,4,99,100,0,5,4,35,100,28,4,4,25,200,23,3,4,25,200,3,2,4,25,200,9,2,4,25,200,6,2,1,10,,,A master of the most powerful spells.,84,1010100
122,B Rank Wizard,0,1,24,0,10,6000,1,2,3,1,4,0,14,2,127,267,12,2,50,51,16,2,50,51,15,2,50,51,27,1,4,3,7,5,4,5,2,13,4,40,100,125,8,4,40,100,30,2,4,30,200,75,4,4,30,200,10,2,4,30,200,6,2,4,40,100,22,2,4,40,100,20,2,4,99,100,0,5,4,40,100,36,4,4,30,200,29,3,4,30,200,3,2,4,30,200,11,2,4,30,200,7,2,1,10,,,A master of the most powerful spells.,68,1000100
123,A Rank Wizard,0,1,24,0,3,4000,1,2,3,1,5,0,14,2,128,268,12,2,50,51,16,2,50,51,15,2,50,51,27,1,5,4,7,5,4,10,3,13,4,45,100,155,10,4,45,100,36,3,4,30,200,90,5,4,30,200,12,3,4,30,200,7,2,4,45,100,26,2,4,45,100,30,2,4,99,100,0,5,4,45,100,46,4,4,30,200,37,3,4,30,200,3,2,4,30,200,14,2,4,30,200,9,2,1,11,,,A master of the most powerful spells.,68,1000100
124,S Rank Wizard,0,1,24,0,0,-1,0,,,,6,0,14,2,129,269,12,2,50,51,16,2,50,51,15,2,50,51,27,1,7,5,7,5,4,15,4,13,4,55,100,190,13,4,55,100,44,5,4,35,200,110,7,4,35,200,14,4,4,35,200,9,3,4,55,100,32,3,4,55,100,44,3,4,99,100,0,5,4,55,100,59,5,4,35,200,48,4,4,35,200,3,3,4,35,200,18,3,4,35,200,11,3,2,12,20,,A master of the most powerful spells.,68,1000100
125,Enemy 2,1,1,-1,0,0,-1,0,,,,0,0,14,2,65,205,12,2,26,27,16,2,26,27,15,2,26,27,57,1,1,1,5,5,1,0,0,13,4,20,300,290,10,4,25,100,20,2,4,20,200,100,4,4,25,100,15,2,4,20,200,5,2,4,25,100,20,2,4,25,100,20,2,4,99,100,1000,5,4,20,200,20,2,4,20,200,20,2,4,20,200,3,2,4,20,200,5,1,4,20,200,20,1,0,,,,未使用,1024,10000000000
126,Enemy 3,1,1,-1,0,0,-1,0,,,,0,0,14,2,130,270,12,2,52,53,16,2,52,53,15,2,52,53,142,177,1,1,5,5,1,0,0,13,4,25,100,550,15,4,25,100,20,2,4,20,200,100,4,4,25,100,15,2,4,20,200,5,2,4,25,100,20,2,4,25,100,20,2,4,99,100,1000,5,4,20,200,20,2,4,20,200,20,2,4,20,200,3,2,4,20,200,5,1,4,20,200,20,1,0,,,,未使用,1024,10000000000
127,Enemy 4,1,1,-1,0,0,-1,0,,,,0,0,14,2,135,275,12,2,54,55,16,2,54,55,15,2,54,55,77,177,1,1,5,5,1,0,0,13,4,25,100,570,15,4,25,100,20,2,4,20,200,100,4,4,25,100,15,2,4,20,200,5,2,4,25,100,20,2,4,25,100,20,2,4,99,100,1000,5,4,20,200,20,2,4,20,200,20,2,4,20,200,3,2,4,20,200,5,1,4,20,200,20,1,0,,,,未使用,1024,10000000000
128,Tourist,3,0,-1,0,0,-1,0,,,,0,0,14,2,280,280,12,2,56,56,16,2,56,56,15,2,56,56,0,1,1,1,5,5,1,0,0,13,4,25,100,50,5,4,25,100,20,2,4,20,200,100,4,4,25,100,15,2,4,20,200,5,2,4,25,100,20,2,4,25,100,20,2,4,99,100,1000,5,4,20,200,20,2,4,20,200,20,2,4,20,200,3,2,4,20,200,5,1,4,20,200,20,1,0,,,,未使用,1024,10000000000
129,Tourist,3,0,-1,0,0,-1,0,,,,6,0,14,2,281,281,12,2,56,56,16,2,56,56,15,2,56,56,0,1,1,1,5,5,1,0,0,13,4,25,100,50,5,4,25,100,20,2,4,20,200,100,4,4,25,100,15,2,4,20,200,5,2,4,25,100,20,2,4,25,100,20,2,4,99,100,1000,5,4,20,200,20,2,4,20,200,20,2,4,20,200,3,2,4,20,200,5,1,4,20,200,20,1,0,,,,未使用,1024,10000000000
130,Tourist,3,0,-1,0,0,-1,0,,,,4,0,14,2,282,282,12,2,56,56,16,2,56,56,15,2,56,56,0,1,1,1,5,5,1,0,0,13,4,25,100,50,5,4,25,100,20,2,4,20,200,100,4,4,25,100,15,2,4,20,200,5,2,4,25,100,20,2,4,25,100,20,2,4,99,100,1000,5,4,20,200,20,2,4,20,200,20,2,4,20,200,3,2,4,20,200,5,1,4,20,200,20,1,0,,,,未使用,1024,10000000000
131,Tourist,3,0,-1,0,0,-1,0,,,,2,0,14,2,283,283,12,2,56,56,16,2,56,56,15,2,56,56,0,1,1,1,5,5,1,0,0,13,4,25,100,50,5,4,25,100,20,2,4,20,200,100,4,4,25,100,15,2,4,20,200,5,2,4,25,100,20,2,4,25,100,20,2,4,99,100,1000,5,4,20,200,20,2,4,20,200,20,2,4,20,200,3,2,4,20,200,5,1,4,20,200,20,1,0,,,,未使用,1024,10000000000
132,F Rank Scholar,0,0,25,0,0,-1,0,,,,0,0,14,2,284,285,12,2,57,58,16,2,57,58,15,2,57,58,0,1,1,1,2,1,1,10,10,13,4,20,200,55,5,4,20,200,5,2,4,25,100,100,4,4,20,200,8,2,4,20,150,4,2,4,20,200,5,2,4,20,200,5,2,4,99,100,0,4,4,25,100,5,2,4,25,100,15,4,4,25,100,10,3,4,25,100,15,3,4,25,100,20,3,0,,,,Helps others master all types of jobs.,164,10100100
133,S Rank Santa Claus,0,1,26,0,0,-1,0,,,,6,0,14,2,286,287,12,2,59,60,16,2,59,60,15,2,59,60,27,1,9,5,4,6,2,20,6,13,4,300,100,250,12,4,300,100,50,4,4,300,200,200,5,4,300,100,27,3,4,300,100,20,3,4,300,100,35,3,4,300,100,150,3,4,99,100,0,5,4,250,150,40,3,4,250,150,25,4,4,250,150,10,3,4,250,150,30,4,4,250,150,15,4,2,21,61,,A legendary figure who visits every year.,68,1000100
134,Tourist,3,0,-1,0,0,-1,0,,,,6,0,14,2,288,288,12,2,56,56,16,2,56,56,15,2,56,56,0,1,1,1,5,5,1,0,0,13,4,25,100,50,5,4,25,100,20,2,4,20,200,100,4,4,25,100,15,2,4,20,200,5,2,4,25,100,20,2,4,25,100,20,2,4,99,100,1000,5,4,20,200,20,2,4,20,200,20,2,4,20,200,3,2,4,20,200,5,1,4,20,200,20,1,0,,,,未使用,1792,11100000000
135,Tourist,3,0,-1,0,0,-1,0,,,,6,0,14,2,289,289,12,2,56,56,16,2,56,56,15,2,56,56,0,1,1,1,5,5,1,0,0,13,4,25,100,50,5,4,25,100,20,2,4,20,200,100,4,4,25,100,15,2,4,20,200,5,2,4,25,100,20,2,4,25,100,20,2,4,99,100,1000,5,4,20,200,20,2,4,20,200,20,2,4,20,200,3,2,4,20,200,5,1,4,20,200,20,1,0,,,,未使用,1792,11100000000
136,D Rank Guerilla,0,1,27,0,20,15000,1,2,3,2,2,0,14,2,65,205,12,2,26,27,16,2,26,27,15,2,26,27,72,1,2,1,7,5,2,0,0,13,4,30,100,95,7,4,30,100,15,2,4,25,200,80,5,4,30,100,15,2,4,25,200,5,2,4,30,100,42,2,4,30,100,35,2,4,99,100,0,5,4,25,200,10,2,4,25,200,6,2,4,25,200,8,2,4,25,200,30,2,4,25,200,5,2,1,124,,,Patrols the area on own initiative.,1028,10000000100
137,C Rank Guerilla,0,1,27,0,15,12000,1,2,3,2,3,0,14,2,66,206,12,2,26,27,16,2,26,27,15,2,26,27,72,1,3,2,7,5,2,2,1,13,4,35,100,115,7,4,35,100,18,2,4,25,200,100,5,4,35,100,18,2,4,25,200,6,2,4,35,100,52,2,4,35,100,52,2,4,99,100,0,5,4,25,200,13,2,4,25,200,7,2,4,25,200,10,2,4,25,200,39,2,4,25,200,6,2,1,124,,,Patrols the area on own initiative.,1028,10000000100
138,B Rank Guerilla,0,1,27,0,10,9000,1,2,3,2,4,0,14,2,67,207,12,2,26,27,16,2,26,27,15,2,26,27,72,1,4,3,7,5,2,5,2,13,4,40,100,140,8,4,40,100,22,2,4,30,200,125,5,4,40,100,22,2,4,30,200,7,2,4,40,100,64,2,4,40,100,78,2,4,99,100,0,5,4,30,200,16,2,4,30,200,9,2,4,30,200,13,2,4,30,200,50,2,4,30,200,7,2,1,125,,,Patrols the area on own initiative.,1028,10000000100
139,A Rank Guerilla,0,1,27,0,3,6000,1,2,3,2,5,0,14,2,68,208,12,2,26,27,16,2,26,27,15,2,26,27,72,1,5,4,7,5,2,10,3,13,4,45,100,175,10,4,45,100,26,3,4,30,200,155,6,4,45,100,26,3,4,30,200,9,2,4,45,100,80,2,4,45,100,116,2,4,99,100,0,5,4,30,200,20,2,4,30,200,11,2,4,30,200,16,2,4,30,200,65,2,4,30,200,9,2,2,125,64,,Patrols the area on own initiative.,1028,10000000100
140,S Rank Guerilla,0,1,27,0,0,-1,0,,,,6,0,14,2,69,209,12,2,26,27,16,2,26,27,15,2,26,27,72,1,7,5,7,5,2,15,4,13,4,55,100,215,13,4,55,100,32,5,4,35,200,190,8,4,55,100,32,4,4,35,200,11,3,4,55,100,100,3,4,55,100,174,3,4,99,100,0,5,4,35,200,26,3,4,35,200,14,3,4,35,200,20,3,4,35,200,84,3,4,35,200,11,3,3,126,64,28,Patrols the area on own initiative.,1028,10000000100
141,D Rank Magic Knight,0,1,28,0,20,15000,1,2,3,3,2,0,14,2,130,270,12,2,52,53,16,2,52,53,15,2,52,53,117,177,2,1,7,7,2,0,0,13,4,30,100,111,8,4,25,200,23,2,4,25,200,55,4,4,30,100,18,2,4,25,200,9,2,4,30,100,38,2,4,30,100,20,2,4,99,100,0,5,4,25,200,20,2,4,25,200,3,2,4,25,200,5,2,4,25,200,6,2,4,25,200,5,2,2,117,5,,Skilled at both physical combat and magic.,1028,10000000100
142,C Rank Magic Knight,0,1,28,0,15,12000,1,2,3,3,3,0,14,2,131,271,12,2,52,53,16,2,52,53,15,2,52,53,117,177,3,2,7,7,2,2,1,13,4,35,100,135,8,4,25,200,28,2,4,25,200,65,4,4,35,100,22,2,4,25,200,11,2,4,35,100,46,2,4,35,100,30,2,4,99,100,0,5,4,25,200,26,2,4,25,200,3,2,4,25,200,6,2,4,25,200,7,2,4,25,200,6,2,2,117,5,,Skilled at both physical combat and magic.,1028,10000000100
143,B Rank Magic Knight,0,1,28,0,10,9000,1,2,3,3,4,0,14,2,132,272,12,2,52,53,16,2,52,53,15,2,52,53,117,177,4,3,7,7,2,5,2,13,4,40,100,165,9,4,30,200,34,2,4,30,200,80,4,4,40,100,26,2,4,30,200,14,2,4,40,100,56,2,4,40,100,44,2,4,99,100,0,5,4,30,200,33,2,4,30,200,3,2,4,30,200,7,2,4,30,200,9,2,4,30,200,7,2,2,118,5,,Skilled at both physical combat and magic.,1028,10000000100
144,A Rank Magic Knight,0,1,28,0,3,6000,1,2,3,3,5,0,14,2,133,273,12,2,52,53,16,2,52,53,15,2,52,53,117,177,5,4,7,7,2,10,3,13,4,45,100,205,11,4,30,200,42,3,4,30,200,100,5,4,45,100,32,3,4,30,200,18,2,4,45,100,70,2,4,45,100,66,2,4,99,100,0,5,4,30,200,42,2,4,30,200,3,2,4,30,200,9,2,4,30,200,11,2,4,30,200,9,2,2,118,6,,Skilled at both physical combat and magic.,1028,10000000100
145,S Rank Magic Knight,0,1,28,0,0,-1,0,,,,6,0,14,2,134,274,12,2,52,53,16,2,52,53,15,2,52,53,117,177,7,5,7,7,2,15,4,13,4,55,100,255,14,4,35,200,52,5,4,35,200,125,7,4,55,100,40,4,4,35,200,23,3,4,55,100,86,3,4,55,100,98,3,4,99,100,0,5,4,35,200,54,3,4,35,200,3,3,4,35,200,11,3,4,35,200,14,3,4,35,200,11,3,3,119,7,20,Skilled at both physical combat and magic.,1028,10000000100
146,D Rank Berserker,0,1,29,0,20,15000,1,2,3,4,2,0,14,2,135,275,12,2,54,55,16,2,54,55,15,2,54,55,117,177,2,1,5,3,1,0,0,13,4,30,100,125,9,4,25,200,10,2,4,25,200,65,4,4,30,100,22,2,4,25,200,5,2,4,30,100,20,2,4,30,100,5,2,4,99,100,0,5,4,25,200,4,2,4,25,200,4,2,4,25,200,2,2,4,25,200,8,2,4,25,200,5,2,1,113,,,A wild warrior who's all about attacking.,1028,10000000100
147,C Rank Berserker,0,1,29,0,15,12000,1,2,3,4,3,0,14,2,136,276,12,2,54,55,16,2,54,55,15,2,54,55,117,177,3,2,6,3,1,2,1,13,4,35,100,155,9,4,25,200,12,2,4,25,200,80,4,4,35,100,26,2,4,25,200,6,2,4,35,100,24,2,4,35,100,6,2,4,99,100,0,5,4,25,200,5,2,4,25,200,5,2,4,25,200,2,2,4,25,200,10,2,4,25,200,6,2,1,113,,,A wild warrior who's all about attacking.,1028,10000000100
148,B Rank Berserker,0,1,29,0,10,9000,1,2,3,4,4,0,14,2,137,277,12,2,54,55,16,2,54,55,15,2,54,55,117,177,4,3,6,3,1,5,2,13,4,40,100,190,10,4,30,200,14,2,4,30,200,100,4,4,40,100,32,2,4,30,200,7,2,4,40,100,30,2,4,40,100,8,2,4,99,100,0,5,4,30,200,6,2,4,30,200,6,2,4,30,200,2,2,4,30,200,13,2,4,30,200,7,2,1,114,,,A wild warrior who's all about attacking.,1028,10000000100
149,A Rank Berserker,0,1,29,0,3,6000,1,2,3,4,5,0,14,2,138,278,12,2,54,55,16,2,54,55,15,2,54,55,117,177,5,4,6,3,1,10,3,13,4,45,100,235,12,4,30,200,16,3,4,30,200,125,5,4,45,100,40,3,4,30,200,9,2,4,45,100,36,2,4,45,100,12,2,4,99,100,0,5,4,30,200,7,2,4,30,200,7,2,4,30,200,2,2,4,30,200,16,2,4,30,200,9,2,1,115,,,A wild warrior who's all about attacking.,1028,10000000100
150,S Rank Berserker,0,1,29,0,0,-1,0,,,,6,0,14,2,139,279,12,2,54,55,16,2,54,55,15,2,54,55,117,177,7,5,6,3,1,15,4,13,4,55,100,290,15,4,35,200,20,5,4,35,200,155,7,4,55,100,50,4,4,35,200,11,3,4,55,100,44,3,4,55,100,18,3,4,99,100,0,5,4,35,200,9,3,4,35,200,9,3,4,35,200,2,3,4,35,200,20,3,4,35,200,11,3,2,116,20,,A wild warrior who's all about attacking.,1028,10000000100
151,D Rank Artist,0,0,30,0,20,15000,1,2,3,5,2,0,14,2,290,305,12,2,61,62,16,2,61,62,15,2,61,62,42,1,2,1,3,3,1,0,0,13,4,25,200,75,7,4,25,200,11,2,4,30,100,100,5,4,25,200,7,2,4,25,150,5,2,4,25,200,7,2,4,25,200,11,2,4,99,100,0,4,4,30,100,10,2,4,30,100,25,2,4,30,100,20,4,4,30,100,15,4,4,30,100,20,3,1,127,,,Creates works of art in a workshop.,1024,10000000000
152,C Rank Artist,0,0,30,0,15,12000,1,2,3,5,3,0,14,2,291,306,12,2,61,62,16,2,61,62,15,2,61,62,42,1,3,2,3,3,1,2,1,13,4,25,200,90,7,4,25,200,12,2,4,35,100,125,5,4,25,200,10,2,4,30,150,6,2,4,25,200,10,2,4,25,200,16,2,4,99,100,0,4,4,35,100,13,2,4,35,100,32,2,4,35,100,26,4,4,35,100,19,4,4,35,100,26,3,1,128,,,Creates works of art in a workshop.,1024,10000000000
153,D Rank Artist,0,0,30,0,10,9000,1,2,3,5,4,0,14,2,292,307,12,2,61,62,16,2,61,62,15,2,61,62,42,1,4,3,3,3,1,4,2,13,4,30,200,110,8,4,30,200,14,2,4,40,100,155,5,4,30,200,14,2,4,30,150,7,2,4,30,200,14,2,4,30,200,24,2,4,99,100,0,4,4,40,100,16,2,4,40,100,41,2,4,40,100,33,4,4,40,100,24,4,4,40,100,33,3,1,129,,,Creates works of art in a workshop.,1024,10000000000
154,A Rank Artist,0,0,30,0,3,6000,1,2,3,5,5,0,14,2,293,308,12,2,61,62,16,2,61,62,15,2,61,62,42,1,5,4,3,3,1,8,3,13,4,30,200,135,10,4,30,200,16,3,4,45,100,190,6,4,30,200,20,3,4,35,150,9,2,4,30,200,20,2,4,30,200,36,2,4,99,100,0,4,4,45,100,20,2,4,45,100,53,2,4,45,100,42,4,4,45,100,31,4,4,45,100,42,3,2,130,64,,Creates works of art in a workshop.,1024,10000000000
155,S Rank Artist,0,0,30,0,0,-1,0,,,,6,0,14,2,294,309,12,2,61,62,16,2,61,62,15,2,61,62,42,1,7,5,3,3,1,12,4,13,4,35,200,165,13,4,35,200,20,5,4,55,100,235,8,4,35,200,30,4,4,40,150,11,3,4,35,200,30,3,4,35,200,54,3,4,99,100,0,4,4,55,100,26,3,4,55,100,68,3,4,55,100,54,5,4,55,100,40,5,4,55,100,54,4,2,131,77,,Creates works of art in a workshop.,1024,10000000000
156,D Rank Entertainer,0,2,31,0,20,15000,1,2,3,6,2,0,14,2,295,310,12,2,63,64,16,2,63,64,15,2,63,64,152,1,2,1,3,3,3,0,0,13,4,25,200,70,6,4,25,200,8,2,4,30,100,100,5,4,25,200,10,2,4,25,150,4,2,4,25,200,5,2,4,25,200,12,2,4,99,100,0,4,4,30,100,20,4,4,30,100,5,5,4,30,100,5,1,4,30,100,15,1,4,30,100,20,3,1,64,,,Needed to run shops that attract more visitors.,1024,10000000000
157,C Rank Entertainer,0,2,31,0,15,12000,1,2,3,6,3,0,14,2,296,311,12,2,63,64,16,2,63,64,15,2,63,64,152,1,3,2,3,3,3,2,1,13,4,25,200,85,6,4,25,200,10,2,4,35,100,125,5,4,25,200,14,2,4,30,150,5,2,4,25,200,6,2,4,25,200,18,2,4,99,100,0,4,4,35,100,26,4,4,35,100,6,5,4,35,100,6,1,4,35,100,19,1,4,35,100,26,3,1,64,,,Needed to run shops that attract more visitors.,1024,10000000000
158,B Rank Entertainer,0,2,31,0,10,9000,1,2,3,6,4,0,14,2,297,312,12,2,63,64,16,2,63,64,15,2,63,64,152,1,4,3,3,3,3,4,2,13,4,30,200,105,7,4,30,200,12,2,4,40,100,155,5,4,30,200,20,2,4,30,150,6,2,4,30,200,8,2,4,30,200,26,2,4,99,100,0,4,4,40,100,33,4,4,40,100,7,5,4,40,100,7,1,4,40,100,24,1,4,40,100,33,3,1,64,,,Needed to run shops that attract more visitors.,1024,10000000000
159,A Rank Entertainer,0,2,31,0,3,6000,1,2,3,6,5,0,14,2,298,313,12,2,63,64,16,2,63,64,15,2,63,64,152,1,5,4,3,3,3,8,3,13,4,30,200,130,9,4,30,200,14,3,4,45,100,190,6,4,30,200,30,3,4,35,150,7,2,4,30,200,12,2,4,30,200,38,2,4,99,100,0,4,4,45,100,42,4,4,45,100,9,5,4,45,100,9,1,4,45,100,31,1,4,45,100,42,3,1,64,,,Needed to run shops that attract more visitors.,1024,10000000000
160,S Rank Entertainer,0,2,31,0,0,-1,0,,,,6,0,14,2,299,314,12,2,63,64,16,2,63,64,15,2,63,64,152,1,7,5,3,3,3,12,4,13,4,35,200,160,12,4,35,200,16,5,4,55,100,235,8,4,35,200,44,4,4,40,150,9,3,4,35,200,18,3,4,35,200,56,3,4,99,100,0,4,4,55,100,54,5,4,55,100,11,6,4,55,100,11,2,4,55,100,40,2,4,55,100,54,4,2,64,28,,Needed to run shops that attract more visitors.,1024,10000000000
161,D Rank Beast Tamer,0,2,32,0,20,15000,1,2,3,7,2,0,14,2,300,315,12,2,65,66,16,2,65,66,15,2,65,66,72,1,2,1,4,4,2,0,0,13,4,25,200,99,8,4,25,200,12,2,4,30,100,100,5,4,25,200,12,2,4,25,150,3,2,4,25,200,5,2,4,25,200,8,2,4,99,100,0,4,4,30,100,20,4,4,30,100,5,4,4,30,100,5,1,4,30,100,15,1,4,30,100,20,2,1,132,,,Able to capture and tame wild creatures.,1028,10000000100
162,C Rank Beast Tamer,0,2,32,0,15,12000,1,2,3,7,3,0,14,2,301,316,12,2,65,66,16,2,65,66,15,2,65,66,72,1,3,2,4,4,2,2,1,13,4,25,200,120,8,4,25,200,14,2,4,35,100,125,5,4,25,200,18,2,4,30,150,3,2,4,25,200,6,2,4,25,200,12,2,4,99,100,0,4,4,35,100,26,4,4,35,100,6,4,4,35,100,6,1,4,35,100,19,1,4,35,100,26,2,1,132,,,Able to capture and tame wild creatures.,1028,10000000100
163,B Rank Beast Tamer,0,2,32,0,10,9000,1,2,3,7,4,0,14,2,302,317,12,2,65,66,16,2,65,66,15,2,65,66,72,1,4,3,4,4,2,4,2,13,4,30,200,150,9,4,30,200,16,2,4,40,100,155,5,4,30,200,26,2,4,30,150,3,2,4,30,200,8,2,4,30,200,18,2,4,99,100,0,4,4,40,100,33,4,4,40,100,7,4,4,40,100,7,1,4,40,100,24,1,4,40,100,33,2,1,132,,,Able to capture and tame wild creatures.,1028,10000000100
164,A Rank Beast Tamer,0,2,32,0,3,6000,1,2,3,7,5,0,14,2,303,318,12,2,65,66,16,2,65,66,15,2,65,66,72,1,5,4,4,4,2,8,3,13,4,30,200,185,11,4,30,200,20,3,4,45,100,190,6,4,30,200,38,3,4,35,150,3,2,4,30,200,12,2,4,30,200,26,2,4,99,100,0,4,4,45,100,42,4,4,45,100,9,4,4,45,100,9,1,4,45,100,31,1,4,45,100,42,2,2,132,64,,Able to capture and tame wild creatures.,1028,10000000100
165,S Rank Beast Tamer,0,2,32,0,0,-1,0,,,,6,0,14,2,304,319,12,2,65,66,16,2,65,66,15,2,65,66,72,1,7,5,4,4,2,12,4,13,4,35,200,230,14,4,35,200,24,5,4,55,100,235,8,4,35,200,56,4,4,40,150,3,3,4,35,200,18,3,4,35,200,38,3,4,99,100,0,4,4,55,100,54,5,4,55,100,11,5,4,55,100,11,2,4,55,100,40,2,4,55,100,54,3,2,132,61,,Able to capture and tame wild creatures.,1028,10000000100
166,D Rank Royal,0,1,33,0,0,-1,0,,,,2,0,14,2,325,320,12,2,67,68,16,2,67,68,15,2,67,68,137,1,9,1,7,7,2,0,0,13,4,65,100,170,12,4,300,100,45,4,4,300,200,200,5,4,300,100,25,3,4,300,100,18,3,4,300,100,24,3,4,300,100,32,3,4,99,100,0,5,4,250,150,22,3,4,250,150,24,4,4,250,150,12,3,4,250,150,24,4,4,250,150,12,4,2,108,24,,Offspring of an illustrious ruler.,1028,10000000100
167,C Rank Royal,0,1,33,0,0,-1,0,,,,3,0,14,2,326,321,12,2,67,68,16,2,67,68,15,2,67,68,137,1,9,2,7,7,2,2,1,13,4,65,100,210,12,4,40,200,56,4,4,40,200,250,5,4,65,100,30,3,4,40,200,23,3,4,65,100,30,3,4,65,100,48,3,4,99,100,0,5,4,40,200,28,3,4,40,200,31,4,4,40,200,15,3,4,40,200,31,4,4,40,200,15,4,2,108,25,,Offspring of an illustrious ruler.,1028,10000000100
168,B Rank Royal,0,1,33,0,0,-1,0,,,,4,0,14,2,327,322,12,2,67,68,16,2,67,68,15,2,67,68,137,1,9,3,7,7,2,5,2,13,4,65,100,260,13,4,40,200,70,4,4,40,200,310,5,4,65,100,36,3,4,40,200,29,3,4,65,100,36,3,4,65,100,72,3,4,99,100,0,5,4,40,200,36,3,4,40,200,40,4,4,40,200,19,3,4,40,200,40,4,4,40,200,19,4,2,108,109,,Offspring of an illustrious ruler.,1028,10000000100
169,A Rank Royal,0,1,33,0,0,-1,0,,,,5,0,14,2,328,323,12,2,67,68,16,2,67,68,15,2,67,68,137,1,9,4,7,7,2,10,3,13,4,65,100,325,15,4,40,200,86,5,4,40,200,385,6,4,65,100,44,4,4,40,200,37,3,4,65,100,44,3,4,65,100,108,3,4,99,100,0,5,4,40,200,46,3,4,40,200,52,4,4,40,200,24,3,4,40,200,52,4,4,40,200,24,4,2,108,109,,Offspring of an illustrious ruler.,1028,10000000100
170,S Rank Royal,0,1,33,0,0,-1,0,,,,6,0,14,2,329,324,12,2,67,68,16,2,67,68,15,2,67,68,137,1,9,5,7,7,2,15,4,13,4,65,100,405,18,4,40,200,106,7,4,40,200,480,8,4,65,100,54,5,4,40,200,48,4,4,65,100,54,4,4,65,100,162,4,4,99,100,0,5,4,40,200,59,4,4,40,200,67,5,4,40,200,31,4,4,40,200,67,5,4,40,200,31,5,2,108,110,,Offspring of an illustrious ruler.,1028,10000000100